slug,name,brand,category,concentration,gender,description,ingredients,tags,occasions,characters,best_seller,is_new,status,images,video_url,option1_name,option1_value,option2_name,option2_value,option3_name,option3_value,option4_name,option4_value,variant_price,variant_compare_at_price,variant_stock,variant_sku
contoh-mawar-pagi,Contoh Mawar Pagi,Collector,floral,EDT,Wanita,Mawar segar dengan sentuhan sitrus — ringan untuk pemakaian harian.,"Alcohol Denat., Parfum (Fragrance), Aqua","Rose, Fresh","daily-wear, office","floral, fresh",false,true,active,,,Konsentrasi,EDT,Ukuran,30ml,,,,,150000,,20,
contoh-mawar-pagi,Contoh Mawar Pagi,Collector,floral,EDT,Wanita,Mawar segar dengan sentuhan sitrus — ringan untuk pemakaian harian.,"Alcohol Denat., Parfum (Fragrance), Aqua","Rose, Fresh","daily-wear, office","floral, fresh",false,true,active,,,Konsentrasi,EDT,Ukuran,50ml,,,,,250000,299000,12,
contoh-mawar-pagi,Contoh Mawar Pagi,Collector,floral,EDT,Wanita,Mawar segar dengan sentuhan sitrus — ringan untuk pemakaian harian.,"Alcohol Denat., Parfum (Fragrance), Aqua","Rose, Fresh","daily-wear, office","floral, fresh",false,true,active,,,Konsentrasi,EDT,Ukuran,100ml,,,,,425000,,6,
contoh-oud-malam,Contoh Oud Malam,Collector,amber,EDP,Unisex,Oud hangat berbalut amber — karakter kuat untuk acara malam.,"Alcohol Denat., Parfum (Fragrance), Aqua","Oud, Amber, Woody","evening, date-night, party","amber-oud, woody, musky",true,false,active,,,Konsentrasi,EDP,Tipe,Standard,Ukuran,50ml,,,450000,,10,
contoh-oud-malam,Contoh Oud Malam,Collector,amber,EDP,Unisex,Oud hangat berbalut amber — karakter kuat untuk acara malam.,"Alcohol Denat., Parfum (Fragrance), Aqua","Oud, Amber, Woody","evening, date-night, party","amber-oud, woody, musky",true,false,active,,,Konsentrasi,EDP,Tipe,Standard,Ukuran,100ml,,,780000,,5,
contoh-oud-malam,Contoh Oud Malam,Collector,amber,EDP,Unisex,Oud hangat berbalut amber — karakter kuat untuk acara malam.,"Alcohol Denat., Parfum (Fragrance), Aqua","Oud, Amber, Woody","evening, date-night, party","amber-oud, woody, musky",true,false,active,,,Konsentrasi,EDP,Tipe,Premium,Ukuran,50ml,,,620000,,4,
contoh-oud-malam,Contoh Oud Malam,Collector,amber,EDP,Unisex,Oud hangat berbalut amber — karakter kuat untuk acara malam.,"Alcohol Denat., Parfum (Fragrance), Aqua","Oud, Amber, Woody","evening, date-night, party","amber-oud, woody, musky",true,false,active,,,Konsentrasi,EDP,Tipe,Premium,Ukuran,100ml,,,990000,1250000,2,
contoh-kayu-hujan,Contoh Kayu Hujan,Collector,woody,EDP,Pria,"Cendana sesudah hujan — tenang, bersih, dan maskulin.","Alcohol Denat., Parfum (Fragrance), Aqua","Sandalwood, Petrichor","office, daily-wear","woody, green",false,false,active,,,Konsentrasi,EDP,Tipe,Standard,Ukuran,50ml,Kemasan,Botol,395000,,8,
contoh-kayu-hujan,Contoh Kayu Hujan,Collector,woody,EDP,Pria,"Cendana sesudah hujan — tenang, bersih, dan maskulin.","Alcohol Denat., Parfum (Fragrance), Aqua","Sandalwood, Petrichor","office, daily-wear","woody, green",false,false,active,,,Konsentrasi,EDP,Tipe,Standard,Ukuran,50ml,Kemasan,Gift Box,465000,,3,KAYUHUJAN-STD-50ML-GIFT
