path,kind,bytes,lines,sha256,validation,review_depth
.emergent/crons.yml,text,1023,22,60f2c8afa00a2300f3efe287dd3e75091e57a63983a8796abe6364fb2f6ac69b,text_read_only,inventory_and_automated_check_only
.emergent/emergent.yml,text,203,5,aacae56127014767e37bb44da33c3bc9af16ebfb3943cd7884686873f3b72b2c,text_read_only,inventory_and_automated_check_only
.emergent/markers/.bootstrap-complete,text,0,0,e3b0c44298fc1c149afbf4c8996fb92427ae41e4649b934ca495991b7852b855,text_read_only,inventory_and_automated_check_only
.gitconfig,text,64,3,d012df5d4534c1f3329d44dc31a63d1207b4bdaccb64cfcf9e52cbbb9e734e30,text_read_only,inventory_and_automated_check_only
.gitignore,text,2397,113,fd6ccbace2fddec79a5b7ad0729db572432f8ce6049af9c4e5e02c91f822c63f,text_read_only,inventory_and_automated_check_only
DEPLOYMENT_VPS.md,text,14830,306,32d4cb9e2c390e603c05524721f87abe818a6e6151c37bfaa5c06742e584b847,text_read_only,inventory_and_automated_check_only
README.md,text,3745,80,78e51e0c125e34943b8e3eed6598d013556ae9ae42f1571bbeff1aec7613d3eb,text_read_only,inventory_and_automated_check_only
backend/admin_schemas.py,python,10973,242,e5dcac8a0f21c2183f810cbe80b3da8efecba0ff30e1863a24fc308074a57211,ast_parse_pass,manual_flow_review
backend/content_registry.py,python,26781,459,52698518d973c1af684f34b4517867b0f566b3be827cd81f3a778d7e121b753e,ast_parse_pass,inventory_and_automated_check_only
backend/core_utils.py,python,4386,127,83cc2c7b6180db454448c423d9d11691a258f021f8c7e9d6618a40ab7fb2e7cb,ast_parse_pass,manual_flow_review
backend/db.py,python,622,27,fa489a2af4472347c6d3de07bb4ac4cb0831f6c1b16ff82ffa577d613189eddc,ast_parse_pass,manual_flow_review
backend/dependencies.py,python,2413,70,330ee235690cd06f4fd9c42a98fa46fb5ee8fe999bf9ea213f535077b166c206,ast_parse_pass,manual_flow_review
backend/external_urls.py,python,406,11,32b09c2112eb933a2dfd5354d2404777f9e203f9f4d28ab726e4b6281d816cfd,ast_parse_pass,manual_flow_review
backend/media/2fc5afd70fbb4e978701f914183f61c3.png,binary_asset,68,,2ed10bfe1e3cb31b9b935ec6b1c78fd847c9dea85f4b12992e5b04aa946ea639,presence_and_hash,inventory_and_automated_check_only
backend/media/3f932dd5b6684d75b2322d6237092158.png,binary_asset,68,,2ed10bfe1e3cb31b9b935ec6b1c78fd847c9dea85f4b12992e5b04aa946ea639,presence_and_hash,inventory_and_automated_check_only
backend/media/40ef7ee095d44902b89d6e49d0df33f8.png,binary_asset,77,,acc8aa442dee5aa8f368349deb61ed8a9848bf0a2e7735178ffb87f9a1398ef6,presence_and_hash,inventory_and_automated_check_only
backend/media/9544d9d4c66643bbb7e61eefd35fad17.png,binary_asset,68,,2ed10bfe1e3cb31b9b935ec6b1c78fd847c9dea85f4b12992e5b04aa946ea639,presence_and_hash,inventory_and_automated_check_only
backend/media/d63c81b2ffdc40f794cffaa38f43843a.png,binary_asset,68,,63ef318d96b5d0d0ceba6e04a4e622b1158335cdc67c49e27839132c6f655058,presence_and_hash,inventory_and_automated_check_only
backend/media/derived/123421112bd6465f_1000.webp,binary_asset,20140,,6c6598ff75e34527c3b2afcc884da3ec863991ae333f85d72cb4492204eac38a,presence_and_hash,inventory_and_automated_check_only
backend/media/derived/123421112bd6465f_400.webp,binary_asset,6750,,6f9a2c2347461569a6ca8f1b8cef954b33fd398c973aa7203ac8780203702245,presence_and_hash,inventory_and_automated_check_only
backend/media/derived/3759c9e2231c4e15_1000.webp,binary_asset,49972,,03000fa299562cd73cc184c10acc8d5ef9c3999e8b9c5ddda79106cb78db57e0,presence_and_hash,inventory_and_automated_check_only
backend/media/derived/3759c9e2231c4e15_400.webp,binary_asset,14416,,a97ff43fc178820d4eb54b63430ec3b486512c2ba76cb9bb89fac682ccebfffd,presence_and_hash,inventory_and_automated_check_only
backend/media/derived/4254fc6adf4b4749_1000.webp,binary_asset,20142,,cc7c8f3249b32de206903ade19dcc3b4c570404d4695955dedb86d86ccd9d447,presence_and_hash,inventory_and_automated_check_only
backend/media/derived/4254fc6adf4b4749_400.webp,binary_asset,6632,,15f633a707570c24a0363775c8ce4745d8b94b7c089ebdf4deab2996d4d6bd6f,presence_and_hash,inventory_and_automated_check_only
backend/media/derived/5bf1217c724e45ed_1000.webp,binary_asset,42528,,1e3a5ad6c502b4661ba9167f3a6d287fb271b0c02303688c7a630ee03370f5f1,presence_and_hash,inventory_and_automated_check_only
backend/media/derived/5bf1217c724e45ed_400.webp,binary_asset,12678,,ee164316b20eb44b261cffd799462460fb80cf8364ed9116e1f0b88258809786,presence_and_hash,inventory_and_automated_check_only
backend/media/derived/922331beb7574414_1000.webp,binary_asset,49946,,b2c409bab28b3193026f76c1c428cd756c9683e00304cec6f280d0f229a65cc2,presence_and_hash,inventory_and_automated_check_only
backend/media/derived/922331beb7574414_400.webp,binary_asset,14390,,3733000bdfb9e1a73decd87302e3a258a936176749d25261cbf1da94356a3c4c,presence_and_hash,inventory_and_automated_check_only
backend/media/derived/a20cec9232414fc3_1000.webp,binary_asset,18998,,bf074e5794b68be993e073f96478e643481b4d01f64da8fbe3e7aa89b66868d2,presence_and_hash,inventory_and_automated_check_only
backend/media/derived/a20cec9232414fc3_400.webp,binary_asset,5188,,2c837049742d99d39b028d9efb9981cf113e1e9bc57310653781d4bd9bfa2193,presence_and_hash,inventory_and_automated_check_only
backend/media/derived/ae01398be1e44078_400.webp,binary_asset,12564,,750493cc6169d481bd985e29edf1c7424a00c13994b8382f24225a86de24ecbc,presence_and_hash,inventory_and_automated_check_only
backend/media/derived/b8f5559aa7864dd7_400.webp,binary_asset,794,,3ab19241a6b4e75b4bab403d54040833b096d23815f379d0604216f2c23195ba,presence_and_hash,inventory_and_automated_check_only
backend/media/derived/de47420223b14af3_1000.webp,binary_asset,18878,,3f6c0983fec3e4d10e27ae1295b96e41d11027151f06885ea52ed098f4a446b0,presence_and_hash,inventory_and_automated_check_only
backend/media/derived/de47420223b14af3_400.webp,binary_asset,5108,,ec252348064ea118571bbb391ae9d1a15809070438c807df19c8008a92370004,presence_and_hash,inventory_and_automated_check_only
backend/media/derived/edee98c6889945ad_400.webp,binary_asset,794,,3ab19241a6b4e75b4bab403d54040833b096d23815f379d0604216f2c23195ba,presence_and_hash,inventory_and_automated_check_only
backend/media/derived/ee58ca8c85554045_1000.webp,binary_asset,41230,,b06bc0d9e471b95e86e62632819556b3bbc7630d395cff19fbea733fa215a250,presence_and_hash,inventory_and_automated_check_only
backend/media/derived/ee58ca8c85554045_400.webp,binary_asset,12626,,17ce36347ba7f718743bdc923ffac5efca7fbcc5a1482fc5dbc858ae2f08699e,presence_and_hash,inventory_and_automated_check_only
backend/media/fa075e958ddb4c44a2ae55bdd10603b2.png,binary_asset,68,,2ed10bfe1e3cb31b9b935ec6b1c78fd847c9dea85f4b12992e5b04aa946ea639,presence_and_hash,inventory_and_automated_check_only
backend/media/originals/2026/08/4254fc6adf4b4749.jpg,binary_asset,128041,,03ef2d579d6fa1886e433526e8adc2d347b3b4dd920121bbbf04ebd3e7e399b0,presence_and_hash,inventory_and_automated_check_only
backend/media/originals/2026/08/922331beb7574414.jpg,binary_asset,150578,,0a5405db3264e2a2af49809b52f8f188351655066e2f472a4e7e424d1375d25b,presence_and_hash,inventory_and_automated_check_only
backend/media/originals/2026/08/a20cec9232414fc3.jpg,binary_asset,140168,,b98985aa4ac818fb49be0a6ef9f4785f1ee440f2cf7538cbce014b686b63a019,presence_and_hash,inventory_and_automated_check_only
backend/media/originals/2026/08/ae01398be1e44078.jpg,binary_asset,52707,,a0b40c2d4d667af8a939bdfb06006f7e0c2870f9bce14adf7ae66128cfc90a8c,presence_and_hash,inventory_and_automated_check_only
backend/media/originals/2026/08/edee98c6889945ad.png,binary_asset,386,,183e624c097a370f4317084994d696c4dfbf670b9a493b1a1d154554f2debe44,presence_and_hash,inventory_and_automated_check_only
backend/media/originals/2026/08/ee58ca8c85554045.jpg,binary_asset,100080,,a2382c719c4dda4f0b59fcf28341d78509d5fc3c2aa947285c31f5c12b879706,presence_and_hash,inventory_and_automated_check_only
backend/media/originals/2026/09/123421112bd6465f.jpg,binary_asset,128024,,fac6ab68fa2f64c504cd509d88f91b514f9a6ab00f6b22db381266e80e29ec9a,presence_and_hash,inventory_and_automated_check_only
backend/media/originals/2026/09/3759c9e2231c4e15.jpg,binary_asset,150626,,d814921639079ca8c33e68f8b803d4e3bd191783538f3c3ee076d7eba339cbc8,presence_and_hash,inventory_and_automated_check_only
backend/media/originals/2026/09/5bf1217c724e45ed.jpg,binary_asset,105081,,45ac0daa4a7ba1020ce361b3dea151f499b26fd7bd6eef1fcd6e0ed27156c9d3,presence_and_hash,inventory_and_automated_check_only
backend/media/originals/2026/09/b8f5559aa7864dd7.png,binary_asset,386,,183e624c097a370f4317084994d696c4dfbf670b9a493b1a1d154554f2debe44,presence_and_hash,inventory_and_automated_check_only
backend/media/originals/2026/09/de47420223b14af3.jpg,binary_asset,140134,,7e0442383aeeca3cbc205a4ae3f5e92050fafa5991a39be39f82efd26a61d838,presence_and_hash,inventory_and_automated_check_only
backend/media_schemas.py,python,2508,65,d3df4c3ea0c58328e4392b775411ad77bb06b720cac1d9637649a53b6f07a91e,ast_parse_pass,manual_flow_review
backend/permissions_config.py,python,1415,42,bd4fa73af353be494bf2365845e9312f721cb6e1d90ea04f5d6c13dd9f57a4ed,ast_parse_pass,manual_flow_review
backend/pytest.ini,text,655,9,67b28701c6eb79c5229833f4fb8ceb9708e081dd27a0cb21e079a81b69c6c970,text_read_only,inventory_and_automated_check_only
backend/requirements-prod.txt,text,1007,27,7558cc8b457b38122f35ea3c5f697559cc8d9a6c8fe404d004608045e4fc4d58,text_read_only,inventory_and_automated_check_only
backend/requirements.txt,text,2580,128,e8e6f71107eaff8a62c15c668cb7f67fb70229be109f72448c3fdee024922b5b,text_read_only,inventory_and_automated_check_only
backend/routers/__init__.py,python,235,5,aff6c26290c8c018f2a599ef77ba49ec737685afb7b8171047f5ced11adb7ef2,ast_parse_pass,inventory_and_automated_check_only
backend/routers/account.py,python,3882,94,fe0863eb52c58ad56bcef50fc1e17d6ce670b08d08785271a4ccbbabb290a513,ast_parse_pass,manual_flow_review
backend/routers/admin.py,python,966,27,bdee65f102f3c63e2af78538718e14487620d2138411d52f3e169e157454b86a,ast_parse_pass,manual_flow_review
backend/routers/admin_analytics.py,python,894,25,64735cc551de8760baeede5055ed26b1a0a8ebe6b36298307b5bf5ebaf92dee8,ast_parse_pass,manual_flow_review
backend/routers/admin_backup.py,python,5984,146,a18def2a4ba88066b87d997bec5250df796369ab7c3b00e6c98c35289488c926,ast_parse_pass,manual_flow_review
backend/routers/admin_categories.py,python,1754,46,f0194beffcfa78542131eb979e12be5ff7e63cbd5a0aa9bb4b78d0db453170d0,ast_parse_pass,manual_flow_review
backend/routers/admin_config.py,python,3018,78,3ddf37da9610f59cb58d4371deaf1c19f2d35983651bbd0cf618aef46c65849b,ast_parse_pass,manual_flow_review
backend/routers/admin_content.py,python,2774,64,05cee709d82c2346f83d04bd82abe0fc0f612f8c5c3175e103f76f735305808d,ast_parse_pass,manual_flow_review
backend/routers/admin_facets.py,python,3087,78,2e8036e295e362a69926aacec0ddb245adb15615285d3a3ab28205da1da7888d,ast_parse_pass,manual_flow_review
backend/routers/admin_gateway.py,python,3021,73,37f2fbdde394179c777451b6b8f593972b5b30ed6b3dd4d3b867cc0863a61ef3,ast_parse_pass,manual_flow_review
backend/routers/admin_media.py,python,12591,315,a25c825eba72b02caf1f404368418aa436b37d13d8eb43cf2b23cd95bff5da45,ast_parse_pass,inventory_and_automated_check_only
backend/routers/admin_orders.py,python,3418,84,4f2fefa800e96ab596ed337e2e42692bde00e49977d0c4ea2cdee480c5510fd8,ast_parse_pass,manual_flow_review
backend/routers/admin_payments.py,python,1628,36,cf535842f610f6221976267716254203aafa0cf2246da269ebdab237af92d535,ast_parse_pass,manual_flow_review
backend/routers/admin_product_io.py,python,13598,296,e31427adc786bd6f33dc263b7e12bd8637321b4a27f44e48d82b0bc7b571de95,ast_parse_pass,manual_flow_review
backend/routers/admin_products.py,python,4132,98,c84a863eb4f5ea46adc82b9aa09f9ed9d8b3e01d8b093b4878b8bfd98b4f2cfb,ast_parse_pass,manual_flow_review
backend/routers/admin_reviews.py,python,1229,31,415c9dc61cb5628ffdb5c17295480a112c2f574e28383f6dbfb9466e2037d854,ast_parse_pass,manual_flow_review
backend/routers/admin_stores.py,python,3463,90,e0674dcf061121a413d1a7a6ac402d505b79ee4f31da7ca2f3fdea982c82ad12,ast_parse_pass,manual_flow_review
backend/routers/admin_vouchers.py,python,1859,50,cb59e1c54b7dce3b3e7f9f1cf17cd6cff4db4aa919051c0934665f88e9ba4e00,ast_parse_pass,manual_flow_review
backend/routers/analytics.py,python,2498,59,2d9c38b98276e44cdefa008d136bff76db1a070f2c3e12153e7ade70547a0d17,ast_parse_pass,manual_flow_review
backend/routers/auth.py,python,3126,81,f639ebd07f8ae1b76eaa268fc4ee6f3fcd1488ce4b56a73b028284ba098d11ba,ast_parse_pass,manual_flow_review
backend/routers/cart.py,python,953,29,828fc19c5e1480be8f3ad7594ce19cc6d5f3d2c0a79f6e1140c73e98b780408e,ast_parse_pass,manual_flow_review
backend/routers/catalog.py,python,3075,87,375900878b6cc2973e32deddf49e1a1a0dc7c12aa5b4c0c4fb163b642c49d1ec,ast_parse_pass,manual_flow_review
backend/routers/config.py,python,1969,47,02362b36b5eb81eb360bf8274e3bd273a71a82671db8ef7ff44169706fba22fe,ast_parse_pass,manual_flow_review
backend/routers/content.py,python,343,12,df03e837cdd60e8ea65e8e8f966b82b60cdd45d23bf4ff8dd63d80125ed92044,ast_parse_pass,manual_flow_review
backend/routers/cron.py,python,3566,80,64102d472dbeccf126c65bd10db5615967f3e5dfe41da1476da68e9197c32630,ast_parse_pass,manual_flow_review
backend/routers/gateway.py,python,3210,81,7c97c61ebcb3dbc1c2f8636218f40417728821f11130480e79d3efe690d61902,ast_parse_pass,manual_flow_review
backend/routers/health.py,python,709,27,db3c62e8d9468f6382dbfc08ad715ea5756d3e31e8b1312386efae66d5a8190d,ast_parse_pass,manual_flow_review
backend/routers/media_public.py,python,1710,43,92cd18f9a59f6ba75a774143b3289e4291ae16b581de0cf930d89a7527ea5c6c,ast_parse_pass,manual_flow_review
backend/routers/orders.py,python,4029,91,5b782e6ada7d2afeb9207889f0a4b4aef5cb95f3bd9e157c50be6cc6a69647f6,ast_parse_pass,manual_flow_review
backend/routers/payments.py,python,3560,70,deb28f85cc53263c6493d21906af70402ba3ac3df90909016c465dbae4e2261a,ast_parse_pass,manual_flow_review
backend/routers/stores.py,python,816,28,9889ddb00bca516673e71abb531677577a372c72f7bc29db5bd98391d490d1b1,ast_parse_pass,manual_flow_review
backend/routers/vouchers.py,python,1580,41,c89cb920563393c643e00b55db61115685eba463b3318ca888316f1cd109b0ba,ast_parse_pass,manual_flow_review
backend/schemas.py,python,15992,463,501767b8185eb05f06762705b98690ae01f54e6a5f132dcc2f98efd088a2c411,ast_parse_pass,inventory_and_automated_check_only
backend/server.py,python,9962,207,fe6fba88533b8d9c5c62297d2b86c229fea2646f632a5039b964225584913c69,ast_parse_pass,manual_flow_review
backend/services/__init__.py,python,217,5,b7f5b39584502066ffd27c1ebdcc6f140a8dfeacd8906b9d1b7c096a50070829,ast_parse_pass,inventory_and_automated_check_only
backend/services/account.py,python,5829,142,bc7df34fc72af66f6c0e8284a51e1196b7caa4d43e8b6b994584cfcc2595ad9e,ast_parse_pass,manual_flow_review
backend/services/admin_config.py,python,7599,169,4974dc644d7b583a15545f293dd87e35e1ed4e9d28b8704fe39d569ffe43be91,ast_parse_pass,manual_flow_review
backend/services/admin_products.py,python,11197,247,44178f7f4e67b1134c84e0c978b92cc4541ab767cffb82de60c37ff1b7700440,ast_parse_pass,manual_flow_review
backend/services/admin_reviews.py,python,1822,45,3d1009a3f32b467526a724e4d22e85eeafd6868dd7a557b6a28abcd2b9ebea35,ast_parse_pass,manual_flow_review
backend/services/admin_stats.py,python,2984,64,72d248f87d0fff330e321a367cd5ba2dec9dccc996880f24be39c339f1f4ef0b,ast_parse_pass,manual_flow_review
backend/services/admin_taxonomy.py,python,9426,227,38b4270489dbe853c1ebec77d6c6f3c0e82e77f4172a2ef36a990ac82d5c5c31,ast_parse_pass,manual_flow_review
backend/services/analytics.py,python,5011,122,8fe0ebda0e6cd0d417630ba4f6826f247000f5b5cf2a39bbe8cafefbb93c6852,ast_parse_pass,manual_flow_review
backend/services/audit.py,python,996,26,48dbb7936c9b59b7855eb630a35b099811cc2f5051876f881fd710cb0bcc34e9,ast_parse_pass,manual_flow_review
backend/services/backup.py,python,10146,284,34f1abd1a3a5082ff6af56adaae653718451a9e5c35eed3520c89e6cde830f1d,ast_parse_pass,manual_flow_review
backend/services/backup_config.py,python,2585,79,ccb9a970b19d8e6d25c67acd3bf67f6fd6b4e0a09edd662bb8b6634ee30e1f01,ast_parse_pass,manual_flow_review
backend/services/cart.py,python,2112,60,937287d181f82d5e02bef3c3ae7f5f4573f702c110fdc829edad25ea8124789e,ast_parse_pass,manual_flow_review
backend/services/catalog.py,python,5108,140,4392d5f4abd8a3dbcbf57804dc928f402b29c1aecb6e0ee150e70bd4316b32e2,ast_parse_pass,manual_flow_review
backend/services/content.py,python,5545,150,5b17d90906906f67c809d09aaee6f80b3b89ec2f3852a9fbdadfdc407d287f9a,ast_parse_pass,manual_flow_review
backend/services/crm.py,python,2785,75,a59e9c33cf907637c38472968b993c1b09adccac52ef05a203b5f68983ec753b,ast_parse_pass,manual_flow_review
backend/services/email_templates.py,python,8404,144,bc9d842fe16aa6c7cd71cb7443ad97c20464139af927b4c842e4c49c60eec64e,ast_parse_pass,inventory_and_automated_check_only
backend/services/gateway.py,python,11816,218,7fbfb79db7e84f21cc5f512584695dc9f27f3789d5b98c29fd1e17d8939c0d15,ast_parse_pass,manual_flow_review
backend/services/mailer.py,python,2784,74,1045d4b09a0e6c3d3cc496bb186890d0b2f3abad92127a51f8e1d55c71e81fe2,ast_parse_pass,manual_flow_review
backend/services/media.py,python,1550,66,d75fa307df94b000de77ed1172e2875986c0e2ed904a9672efacdf688046dfda,ast_parse_pass,manual_flow_review
backend/services/media_assets.py,python,7123,195,fd9749430ca0a2a09922ab77efbb4cf18d328ea91a34e07081f7be2906f92534,ast_parse_pass,manual_flow_review
backend/services/media_core.py,python,8879,242,b09a16d64b632777237706023d2c32428fdb0d146155480482b64b01aa86f391,ast_parse_pass,manual_flow_review
backend/services/media_folders.py,python,8942,225,cdb57e84bd0e4148510bfce61ddf089d152bbaaafd73b455bf8452c4eed28f0e,ast_parse_pass,manual_flow_review
backend/services/media_images.py,python,6351,168,0c68ee0dc0a3e8f98b92e821462cc370f4e7cfd6bdc83df596b36ed3bef733c8,ast_parse_pass,manual_flow_review
backend/services/media_ingest.py,python,10019,232,0ddba13f74be9e65507dcbbf4b07aa621a5ca57c5c44370e7203a290962b9ed0,ast_parse_pass,manual_flow_review
backend/services/media_maint.py,python,7360,172,ed7516438cd32b28a143d3eb8f1b2650801c44646c17e01d6aa37c3b79b2cba3,ast_parse_pass,manual_flow_review
backend/services/midtrans.py,python,3644,103,5adfe7d4931a76f97f381aa37d42b7fd1a7f2da5b6aded1d03b4183c1dda114d,ast_parse_pass,inventory_and_automated_check_only
backend/services/notify.py,python,4085,97,53fbb135d8bff9fd8e6f95da67e6fe958bdc82561da8271b73ea73f089083192,ast_parse_pass,manual_flow_review
backend/services/order_expiry.py,python,1876,39,deb47f2eaf01329b116379cf70b679131b504abcfe378d2dde742f593bae00a6,ast_parse_pass,manual_flow_review
backend/services/order_helpers.py,python,8716,195,926b5bc32090040544e24054c0689d72651fa19ed123398b3a91286208496da3,ast_parse_pass,manual_flow_review
backend/services/orders.py,python,14094,299,40473ee2f2f3609b48e64de43a28a13552454fa54118c3596aa95022641794be,ast_parse_pass,manual_flow_review
backend/services/payments.py,python,4472,99,0e92b7d546c1e605f950e0ad2e6d3bc12afada2c4b79a7580b314c772d807bb5,ast_parse_pass,manual_flow_review
backend/services/pricing.py,python,4132,105,6ca18c36f137ac21fc94e05d0b5f84f08f11ee25ba527de68de3c5a9f2fcbe75,ast_parse_pass,manual_flow_review
backend/services/product_bulk.py,python,11669,262,c0d6ebcb9a21c4550f1e96c4c146484e09858941a86fb50afee1d8c9c58d3626,ast_parse_pass,manual_flow_review
backend/services/product_fill.py,python,9611,240,c69524d8b16e7016860da08b5d702bc5c455c0f5da45512219d1246d6933d62d,ast_parse_pass,inventory_and_automated_check_only
backend/services/product_import.py,python,13777,290,eb815b6f4ddef0e79bff3f7477560aa5a451b1f2693eb83c75274de5e74f68ae,ast_parse_pass,manual_flow_review
backend/services/product_io.py,python,8700,234,47f257d76e00baf2466574777315980b2e59b71d53415efcff7297f47c2374b5,ast_parse_pass,manual_flow_review
backend/services/product_io_session.py,python,7216,174,52df1f65460fa84b7a7d5118f53087a228acdbeef005beb77de8aed62ca56dbb,ast_parse_pass,manual_flow_review
backend/services/product_tiers.py,python,8973,225,4a71c35da10c3840db12e9a5db02b39f2b3edbb347d8f80324662706cdb50c92,ast_parse_pass,manual_flow_review
backend/services/shipment.py,python,3125,62,091fb92a18776c53609433a9d32b4c6fa62663fa2809ef1e9052b2815eda4ad8,ast_parse_pass,manual_flow_review
backend/services/stock.py,python,3220,83,76e03a644d07c3976cae88bc0d91bfbb867c53fae2986a26c354844b62facef2,ast_parse_pass,manual_flow_review
backend/services/stores.py,python,10144,256,5ac4284f8ca23f5f57fa12d630e03ad14affefdfe8fe2dbe82846d6876790211,ast_parse_pass,manual_flow_review
backend/services/stores_google.py,python,2352,66,fabe61889361cedd6a2b234c51785b6059cf2f050c1aa5d96ba224f9c36d18c0,ast_parse_pass,manual_flow_review
backend/services/variant_utils.py,python,3553,108,227b087e0abc9ddc8e8e0ac47ab0061d4f525c342ba3b4eae6d0ca7d025d4b8f,ast_parse_pass,manual_flow_review
backend/services/variants.py,python,9877,243,6836da33893650ab575536011ca5f24e95745f315cde41bc4ad47619e3b3a5ab,ast_parse_pass,manual_flow_review
backend/services/vouchers.py,python,5373,163,8ffaa7f9c09bb325e3778ff49c0b5706922d88b746550ce9e8b9b5fe35e77e61,ast_parse_pass,manual_flow_review
backend/test_e19_homepage.py,python,4431,136,73c5cf6740a8d7f916e6f4ec92af0fcbfb5844434164b7f653908e9b587251c4,ast_parse_pass,inventory_and_automated_check_only
backend/test_p3_cart_variant_type.py,python,5361,170,4d328debd03af3aecf44905d685c12834b66961575f8bc0154c891c58204abd2,ast_parse_pass,inventory_and_automated_check_only
backend/test_stores_e11.py,python,19847,570,235d7e7f5855cd5a69183e5e3e8d877563b24a25c7072051732728d25a127dba,ast_parse_pass,inventory_and_automated_check_only
backend/tests/deploy_test_helpers.sh,shell,1033,27,6728e7fad5062359fb1a3c31e484d7d11a3e898c0c2cf35a4f6f5411a5b15765,text_read_only_bash_unavailable,inventory_and_automated_check_only
backend/tests/test_cms.py,python,6088,143,7850abad3bcc5b9d82c81150de89f5638678584c27c4c933178246dc3df4e18f,ast_parse_pass,inventory_and_automated_check_only
backend/tests/test_deploy_and_smoke.py,python,10355,248,ce1e1235ef252ef3d5bcbb7c32850d4e44a348d5c7bf41d8a9b483f5ef6974e0,ast_parse_pass,inventory_and_automated_check_only
backend/tests/test_email_notify_e15.py,python,13415,306,a6e3559008eb94aa074cbb0d20af45e5a54d938f4b5dcdd27aecd69407445050,ast_parse_pass,inventory_and_automated_check_only
backend/tests/test_sales_flow.py,python,15993,343,271ca3d9f72058762d85b4a1417c19875fbcd81511db04727618d4bc5e6ad115,ast_parse_pass,inventory_and_automated_check_only
backend/tests/test_shipment_e16.py,python,14654,343,3029c0f0de5a183d2b4b5fbf005017a229070d57ff0d53040e8bf6de75e7f2f5,ast_parse_pass,inventory_and_automated_check_only
backend_test.py,python,17546,410,221e6441edfdfcf57f15fe6716167dd74bcb6fb1976909abe817b22671a755e6,ast_parse_pass,inventory_and_automated_check_only
backend_test_iteration41.py,python,9704,227,1be9e86a7a4b4634cf299483a6147a0efc3d998c6a32e772a30460502f47eb9f,ast_parse_pass,inventory_and_automated_check_only
deploy.sh,shell,27991,585,75d2758626542fd77b73641c41f9c3f4eab575aebd3d8ad6de96934ea326ce73,text_read_only_bash_unavailable,manual_flow_review
deploy_script_static_review.md,text,7646,228,a67169df9c26469d9050bbdbf9fd68a53c65b2315bd34d9058a6fb79186cf3bb,text_read_only,inventory_and_automated_check_only
design_guidelines.md,text,27911,471,3d4e3b1f493127117dc1c4fa11c631ce5f74b22a6f00c14611485e334a3e810c,text_read_only,inventory_and_automated_check_only
docs/00_INDEX.md,text,2005,48,37d5e8b4fa3330620c2454cae871036d8ccba95a7a3fb794641c6bd5ebd0abee,text_read_only,inventory_and_automated_check_only
docs/01_PRD.md,text,2589,52,a88456f34cbec22469872409c715535d4e36825d76003d9142c3202379450983,text_read_only,inventory_and_automated_check_only
docs/02_ARCHITECTURE.md,text,2359,51,516c26c0391cbebf21c7e53b944c811a0cb07a234be8fdc8a74dbdbfa392efa6,text_read_only,inventory_and_automated_check_only
docs/03_DATA_MODEL.md,text,9937,117,91486deb1f91e18422d20bc1c12835f5a8dde0a5b96f202c7f22df2f5f76b689,text_read_only,inventory_and_automated_check_only
docs/04_API_CONTRACT.md,text,13624,140,ec8493139a99c8e8a80f972f988d123310b98a15cde3faada017796463cffa15,text_read_only,inventory_and_automated_check_only
docs/05_NAVIGATION_MAP.md,text,1949,38,4b8f1a3dd68d972650cde7e630eb0ce76098a3ea837ac2444e760a684b955fb8,text_read_only,inventory_and_automated_check_only
docs/06_STATE_MACHINE.md,text,2540,48,afccda846cb12a812639e71834513be2ab2b8a7bdeea275174404b34751802d3,text_read_only,inventory_and_automated_check_only
docs/07_ENGINEERING_GUARDRAILS.md,text,6057,111,8703b4dce378eb26444ac8a3d75af4ea81f3f5fdeaf2a5acb18b3584aeacdfec,text_read_only,inventory_and_automated_check_only
docs/08_FRONTEND_GUARDRAILS.md,text,4147,75,9d429b6e21a28107a09b8701127fd312c576d8a062aaf74c668fded62b52a5d1,text_read_only,inventory_and_automated_check_only
docs/09_THREAT_MODEL.md,text,9985,137,7b627fb97bcacdefa007ad7093e57bcf6b8204410c9e12788b8d6af55d38e364,text_read_only,inventory_and_automated_check_only
docs/11_AGENT_OPERATING_PROTOCOL.md,text,2710,48,17b19980bd4a9be5604e49afbe8d16dd441357944c7985b0f659764ba8f2379d,text_read_only,inventory_and_automated_check_only
docs/13_ARCHITECTURE_BEST_PRACTICES.md,text,2987,53,22d7336bd0ffb926dd20feea6ae65ec0a8611e6ba0ce22d7830826e4a73a4af0,text_read_only,inventory_and_automated_check_only
docs/14_ANTI_UNDERDELIVERY_PROTOCOL.md,text,2969,58,c274642081d94617537ed0d3487f2e10639fdc1e6c2731faec0c777b7a19735b,text_read_only,inventory_and_automated_check_only
docs/DEEP_ANALYSIS_PLAYBOOK.md,text,3330,50,2b805e0c544e69c014b87ca3f19dc2c19015172a0e8ae3fac398c35f9ae9cb7e,text_read_only,inventory_and_automated_check_only
docs/REPO_ORIGINAL_PLAN.md,text,6120,92,aa5dfc3c0f31ba2d877f7733b04c860fb0d6e9f1d3ef6d7f7d78ab61d0d8f59f,text_read_only,inventory_and_automated_check_only
docs/design_guidelines_media_manager.md,text,34123,743,3e9e6d509257599dd78b457fbb7e7695c1509134ec3e8311b325732c873d6d27,text_read_only,inventory_and_automated_check_only
docs/roadmap/00_ROADMAP.md,text,8886,143,a04ecd6af62bb516fc6310757fa37b3ff7a387f43246249d1197098994070661,text_read_only,inventory_and_automated_check_only
docs/roadmap/E1_CATALOG.md,text,13800,220,bab62b3b3a8e0079be2dd7d21ef1ec8f8034766c44ca81722d5b250fbf930c90,text_read_only,inventory_and_automated_check_only
docs/roadmap/E2_PRICING_VOUCHERS.md,text,11599,189,c745b6e2e00a0059fc1c421117aea6d83fdab0045dd0ec9815acb3cfa0fadf96,text_read_only,inventory_and_automated_check_only
docs/roadmap/E3_CART_CHECKOUT_ORDERS.md,text,13334,220,a316e9f58594fc2afbecda4fedf64bfa03e1f522016d576bc89bd8f9c98c7bd7,text_read_only,inventory_and_automated_check_only
docs/roadmap/E4_CUSTOMER_ACCOUNT.md,text,10191,174,83210c6997ee97990b39333b6db7b9a6b24d45300e9d05da44a56d3cb7f943bf,text_read_only,inventory_and_automated_check_only
docs/roadmap/E5_ADMIN_BACKOFFICE.md,text,13955,212,bd5a1cd61024331f5a41d6da915672468d0d7d86ca57aa6b709d75a073a64e45,text_read_only,inventory_and_automated_check_only
docs/roadmap/E6_PAYMENTS.md,text,11175,188,d9772720e133ae63e69433855ccacbfc52ec7bc27337949cd1d2a467b454b9f8,text_read_only,inventory_and_automated_check_only
docs/roadmap/E7_GROWTH_ANALYTICS.md,text,11925,190,009d8690d574cd8ed0c757a65b38d8638b62d64c4828f3a142741a6c873c56f3,text_read_only,inventory_and_automated_check_only
docs/roadmap/E8_HARDENING.md,text,10287,174,a3270a7ac43b8341371f46fbb932f9875850477557f617dc8f2151404def3c30,text_read_only,inventory_and_automated_check_only
docs/roadmap/UX_BLUEPRINT.md,text,22371,355,e03596f97d46fe5f66e298498d133f87793d440b754da913dd66ac1335c4f455,text_read_only,inventory_and_automated_check_only
forensic/fa_5xx.py,python,3170,93,fcf094c8616c59b695e778dbdcc8fa11aa10ebc671d2e2977de37abbaf030637,ast_parse_pass,inventory_and_automated_check_only
forensic/fa_dark_sweep.py,python,2260,64,2207bb428e59b46f902863766d5a485e8647eb3165fc78b4b4091b8f9ff11322,ast_parse_pass,inventory_and_automated_check_only
forensic/fa_fuzz.py,python,3110,79,427c3087511164ee2f69b9a25e4231c5f2d9ee190b9cc9f5c205035ae5595efb,ast_parse_pass,inventory_and_automated_check_only
forensic/fa_idor.py,python,4444,117,d1c27d535aa7908ef202961f68ea55a1a7f5c6a4622b8233f6b7e56976464097,ast_parse_pass,inventory_and_automated_check_only
forensic/fa_idor_matrix.py,python,3130,84,9f1dd933975ddcff76a7294747f88d6622bea56c0c62f7461bd960a0e108c8e2,ast_parse_pass,inventory_and_automated_check_only
forensic/fa_mutation.py,python,3506,87,6f6a321fec782fddb3c3388a77c19538feaec89c85c253b6df988155fe1dea61,ast_parse_pass,inventory_and_automated_check_only
forensic/fa_nplus1.py,python,1958,50,d2dec64f7780dfa368678fcfba4b7718aa6e1218fa53b31ff2a105f2145a704e,ast_parse_pass,inventory_and_automated_check_only
forensic/fa_race.py,python,4695,120,dc985f80bc0e2d517e7c4f2ca287216836d3268e5b22237de0c7f018a054483c,ast_parse_pass,inventory_and_automated_check_only
forensic/fa_session.py,python,4081,110,6bc3922b04f3057b9f58ef471dff6d4dd75589ffabc7039a132ddb6cf3490cf2,ast_parse_pass,inventory_and_automated_check_only
forensic/fa_static.py,python,3058,69,e4c339b764ce9c5ce2164ab4bfe89135f30dd56bfe58fceca2debd565465446c,ast_parse_pass,inventory_and_automated_check_only
forensic/fa_write_idor.py,python,6475,143,f6a22f08f94dfb1513c7674478fd51274ab25ec582e2501653bd3b7b122b2431,ast_parse_pass,inventory_and_automated_check_only
frontend/.gitignore,text,333,23,fc13a1af062a7660374f5816d5317ceac9a205958298b51003d85027da4e82ee,text_read_only,inventory_and_automated_check_only
frontend/README.md,text,3429,70,328d4eaeb55df732890a8fd7843e164c9b456337c6fbfc69d1bc17d28d62ecb4,text_read_only,inventory_and_automated_check_only
frontend/components.json,json,464,21,1bcf280d0dab9e7ac5e7b4f9efafe896ca68c03e38c00ea22d565297074b97a0,json_parse_pass,inventory_and_automated_check_only
frontend/craco.config.js,javascript,4353,151,7c0ec93328b4f13a8a7b5d3b520032d0eeac3c189a7adbd1d0a61ed43dc08d3b,babel_parse_pass,manual_flow_review
frontend/jsconfig.json,json,124,9,3ae3d6364676556fd0488a86cf4c0ccdcb07188bedca3abbb26cc2e3cb2adb3e,json_parse_pass,inventory_and_automated_check_only
frontend/package.json,json,4815,142,2de651f19281f8e4dfaa13f859bc9e0939b7801106366853de3ffe4976c80ba4,json_parse_pass,manual_flow_review
frontend/plugins/health-check/health-endpoints.js,javascript,7625,213,0c4192caccb74a80645c9a9c6ae6312e6761d678a46f68bd85d3c7ff918d1708,babel_parse_pass,inventory_and_automated_check_only
frontend/plugins/health-check/webpack-health-plugin.js,javascript,3261,120,be5184d199c0c74742574c38e18b9e233938708eb9af73f11b39e8356e9d8fda,babel_parse_pass,inventory_and_automated_check_only
frontend/postcss.config.js,javascript,88,6,54a758307a2ce79551eac8e5a0646f6a291b4e5e81e498b07a5d89329c5dd068,babel_parse_pass,inventory_and_automated_check_only
frontend/public/fonts/bauhaus93.woff,binary_asset,25200,,bb023a54f56e5880ca075a107d26aac32f6d0fbd7c8144a41bafa7abbc98305c,presence_and_hash,inventory_and_automated_check_only
frontend/public/images/home/cat-amber.jpg,binary_asset,26351,,f089d914c72fc5f498f67b0eb7aa3c53899d936d22fb841d4db856258aa74b8d,presence_and_hash,inventory_and_automated_check_only
frontend/public/images/home/cat-citrus.jpg,binary_asset,76206,,06ba725ab43057684edf2106293171701c26102c7863ce01f59253fc586c5abb,presence_and_hash,inventory_and_automated_check_only
frontend/public/images/home/cat-floral.jpg,binary_asset,69592,,e56dcd8bb705693c5de9db64a8b05a7c06e632e7a909eaf008c4d3b51c6bcb62,presence_and_hash,inventory_and_automated_check_only
frontend/public/images/home/cat-fresh.jpg,binary_asset,44070,,e2609f58c427b13366742fa53649b2438e55b6c2008c25f7595c2259fa620c43,presence_and_hash,inventory_and_automated_check_only
frontend/public/images/home/cat-gourmand.jpg,binary_asset,35882,,9aa5e7e84137b5854c16ef2adc7206cac9c342c0c21bea5f039027667b5e8e4a,presence_and_hash,inventory_and_automated_check_only
frontend/public/images/home/cat-woody.jpg,binary_asset,99894,,8a5e829fe71db35258c5b5803ccb2d504aa94b1432d6c00833a0e7979153d49f,presence_and_hash,inventory_and_automated_check_only
frontend/public/images/home/faq.jpg,binary_asset,74075,,e70375a5390a732b4f3f600c5187683c650e9e1e1225ac4f984017e1fa206028,presence_and_hash,inventory_and_automated_check_only
frontend/public/images/home/featured-floral.jpg,binary_asset,51578,,dd5815fd51d4661e8a6df8e8bac9a1718b2d42927b782c2eacfb3f5ce2852a2c,presence_and_hash,inventory_and_automated_check_only
frontend/public/images/home/featured-men.jpg,binary_asset,87408,,9b43ab686b9b5bd2d47b096ccf38509c1e56d1f6b37570e2b57e45d0eccdd08a,presence_and_hash,inventory_and_automated_check_only
frontend/public/images/home/featured-promo.jpg,binary_asset,58654,,ec295fbd37ee1c91e7c2b34622389a2c3799e77309bc4c0dbec818c489af8b23,presence_and_hash,inventory_and_automated_check_only
frontend/public/images/home/featured-women.jpg,binary_asset,81786,,f10ae5f737e77b1db4b7af29743420a9f520d0a4710cf247d757bd6af4f8ef82,presence_and_hash,inventory_and_automated_check_only
frontend/public/images/home/featured-woody.jpg,binary_asset,220376,,1d546206b748a16de54068d0483772fc145897f1cd60f2452ecc690ca9857c24,presence_and_hash,inventory_and_automated_check_only
frontend/public/images/home/hero-float.jpg,binary_asset,47046,,f6504236e1e4b06db6a1713368cad340a0ec7594aa2f6ed65f9e3e71c6ab7b6f,presence_and_hash,inventory_and_automated_check_only
frontend/public/images/home/hero-main.jpg,binary_asset,129363,,1436de361f41a5916a4da03bfd25f667501e67b185092f2ec270c1fb8e097b95,presence_and_hash,inventory_and_automated_check_only
frontend/public/images/home/media-card-1.jpg,binary_asset,75194,,ef5e28fb2606422e4b12a626c7b659997d6d1b160046d3bd1df31cf44f5d300c,presence_and_hash,inventory_and_automated_check_only
frontend/public/images/home/media-card-2.jpg,binary_asset,51927,,d8adebbd19088414aad5870f736b07560221d129c214aae8a91e7d19a2ac5286,presence_and_hash,inventory_and_automated_check_only
frontend/public/images/home/media-large.jpg,binary_asset,112403,,1180dac0679af541667d49aa6e9b4b5c433b40c139abf20d44c257f911047dbd,presence_and_hash,inventory_and_automated_check_only
frontend/public/images/home/video-poster.jpg,binary_asset,92016,,edd571302d5bdeadb32e9e8f90dad72e2d847cc12b587b4dfed1343de94d3dec,presence_and_hash,inventory_and_automated_check_only
frontend/public/index.html,text,5890,122,880ee1278dc9b2ae227bf89b9a85aaca2d066a1ac25923bd09b707fd539b1636,text_read_only,inventory_and_automated_check_only
frontend/public/robots.txt,text,156,8,3b7746c060024bf20f2e53ec16a52c99ab7c12a3277d6c3a9759e47019352354,text_read_only,inventory_and_automated_check_only
frontend/public/templates/contoh-impor-produk-collector-parfum.csv,text,3129,10,851bc74883662e8b83bfb4b5f291d65ca10c58146f4a81880ecbcc7b4cfc11c3,text_read_only,inventory_and_automated_check_only
frontend/public/templates/contoh-impor-produk-collector-parfum.xlsx,binary_asset,10395,,92e05d7beffd1ed0ab457d4eb914a7bd345fb3704afb3e436c258dd6835b26b8,presence_and_hash,inventory_and_automated_check_only
frontend/public/videos/hero.mp4,binary_asset,8485555,,c2ccebcd5d6d03ad8d04c47c924eceb60fa80a9381a940557e327ec298b097e9,presence_and_hash,inventory_and_automated_check_only
frontend/src/App.css,stylesheet,60,1,ccec410d83415bf35974974949d1139a867fc031061aa6969ac7bdc8745675ad,build_pass_with_lint_disabled,inventory_and_automated_check_only
frontend/src/App.js,javascript,6893,130,9e5c8d90a5840b0feb03238900c03f8feccd93c2f91d8930d058ad8df359dd3e,babel_parse_pass,inventory_and_automated_check_only
frontend/src/components/account/AddressBook.js,javascript,9384,145,5ce522a84eef816724927d2292b0ceedd3da47185e343b3d56c5dff5df084d2b,babel_parse_pass,inventory_and_automated_check_only
frontend/src/components/account/AuthForms.js,javascript,4826,72,b7281214426ffa465e3036e8a36f45d8da5f2958092bd1ae677d9f0c636ea13a,babel_parse_pass,inventory_and_automated_check_only
frontend/src/components/account/OrderHistory.js,javascript,5747,106,6aa3163ecb3a1b2c28e0b2820bc3fe5c93a75053bf0e3e52acb6bda7a18dfd9a,babel_parse_pass,inventory_and_automated_check_only
frontend/src/components/account/ProfileForm.js,javascript,2694,55,05955b3d8e24a1226c11c79883e2e63dc828775a3b3ba8c663757ec062b7a8b2,babel_parse_pass,inventory_and_automated_check_only
frontend/src/components/account/WishlistTab.js,javascript,1665,34,19331980f5af44c0d9b7e3dfb4d68e9cbe170dbb3e6563f5e37626c004a46ba4,babel_parse_pass,manual_flow_review
frontend/src/components/admin/AdminLayout.js,javascript,10480,237,4d8336ad2ebca6a42eaff0a07d2fa4753e925e336aaa46dd2cce64188c946cce,babel_parse_pass,inventory_and_automated_check_only
frontend/src/components/admin/AdminSidebar.js,javascript,3820,102,a56c16fda152baaca8f819042cbeabc615fc88111a4c41dcc09b6d053c35a731,babel_parse_pass,inventory_and_automated_check_only
frontend/src/components/admin/ContentForm.js,javascript,18217,363,155ce6be3d21e328cc4dfc573a75b65bee7c72f09fc7f6b764456f340c30470c,babel_parse_pass,inventory_and_automated_check_only
frontend/src/components/admin/EmailLogs.js,javascript,5441,92,175b0e5f8aa12e8faecaad11daad0186247e5aa37e8930e03f1532d2802317bf,babel_parse_pass,inventory_and_automated_check_only
frontend/src/components/admin/GatewayTransactions.js,javascript,4740,86,de396da6112e208f3500ab4a17095a66a7ef42fea31015fcf455296a7ff57a95,babel_parse_pass,inventory_and_automated_check_only
frontend/src/components/admin/ProductPreview.js,javascript,5507,103,2f7933d155862ec7eb3e357738324a7e746008d2b46269996738fc5b22a6d861,babel_parse_pass,inventory_and_automated_check_only
frontend/src/components/admin/ShipDialog.js,javascript,3840,68,dfe3c29a6b8af9f2e89f820dfecb2c3051669e9264446306710b45a80e130111,babel_parse_pass,inventory_and_automated_check_only
frontend/src/components/admin/adminUi.js,javascript,4383,100,5fa363eff961ecdffc719a8f122427f1f9a4927126805e910052ff21da4c8461,babel_parse_pass,inventory_and_automated_check_only
frontend/src/components/admin/backup/BackupPieces.js,javascript,5902,126,9320ff0aa30f38ec7f4e12cf215e0a93254cb1196fcf35ad255e916341176512,babel_parse_pass,inventory_and_automated_check_only
frontend/src/components/admin/import/ImportBulkFillPanel.js,javascript,21986,474,32ee65649a820bdbffb4f7b4f102d0daf14c499cdab535e73bf8b3dbbb9398fb,babel_parse_pass,inventory_and_automated_check_only
frontend/src/components/admin/import/ImportCommitPanel.js,javascript,2938,66,fefa324483ac98a8c685e3b9a5c6d8589616444c404550713eacf35aa0d83bbe,babel_parse_pass,inventory_and_automated_check_only
frontend/src/components/admin/import/ImportMappingPanel.js,javascript,5211,114,7d38b17c258c3ea80d3175b3d523c7f12dc258281a9bd9d31a6b86c908bcf1ed,babel_parse_pass,inventory_and_automated_check_only
frontend/src/components/admin/import/ImportPieces.js,javascript,2194,58,b8210c9b4dc5ceb4638941cf7f772ddc627200478aeaa0dd4c85dfeb7634e61a,babel_parse_pass,inventory_and_automated_check_only
frontend/src/components/admin/import/ImportPreviewTable.js,javascript,6409,137,24e8748cc9fb5f12e6f65a6db28c5db2bc21ceb1f87839d39ee82bc5276d36dc,babel_parse_pass,inventory_and_automated_check_only
frontend/src/components/admin/import/ImportResultDialog.js,javascript,6235,123,b56ae9b23b93587b470abd098bf6e666749d54f28c27d998ce5f91fc69643212,babel_parse_pass,inventory_and_automated_check_only
frontend/src/components/admin/import/ImportStructurePanel.js,javascript,10217,223,b8b3c8cbde375520e91ab1107327647fed1a4f9446e02f57c67c6cf48c533cd6,babel_parse_pass,inventory_and_automated_check_only
frontend/src/components/admin/import/ImportTierMatrix.js,javascript,5696,124,d0b1c414b422c418526dfb4b53ebb0893f7773bd53ca2a634f54374147eb0775,babel_parse_pass,inventory_and_automated_check_only
frontend/src/components/admin/import/ImportUploadStage.js,javascript,4615,87,c55860887fc0e1c31f1d3b65878c53c9e5a053d05b036ad97b2cf7d304829f53,babel_parse_pass,inventory_and_automated_check_only
frontend/src/components/admin/import/importBulkFill.js,javascript,9045,244,62a0a5ff399d2853999934ac6d2d106704596cbb7618bc2ec936b20d38fdaebb,babel_parse_pass,inventory_and_automated_check_only
frontend/src/components/admin/import/importConstants.js,javascript,5649,106,996029b3775b135c3cfbc9b1cdd03831114297894cd3dbb36150228c2da4dd3c,babel_parse_pass,inventory_and_automated_check_only
frontend/src/components/admin/media/AssetDetailsPanel.js,javascript,11333,293,ac554c487f359abdd2ce866f79adfa55a456babdb467ee4d4cd295695afc16e4,babel_parse_pass,inventory_and_automated_check_only
frontend/src/components/admin/media/AssetGrid.js,javascript,12597,317,b0d6d4a86537eb8987567d9ae2d663341bbe3aeb84fcd614060d01192e489ee5,babel_parse_pass,inventory_and_automated_check_only
frontend/src/components/admin/media/Dropzone.js,javascript,2810,81,e200ea651271d36a5a6c1363332b39e2f5affb298161abb311d7e4dbdc3c571f,babel_parse_pass,inventory_and_automated_check_only
frontend/src/components/admin/media/FolderTree.js,javascript,10938,271,751f5e368041343f66431f4e2bba5ba1baf1a36faa4924cd60fa817da9443892,babel_parse_pass,inventory_and_automated_check_only
frontend/src/components/admin/media/MediaDialogs.js,javascript,8090,194,22d589bf47f6b64c067042506b35cbb99033c61237cc9d02dfb6a97e54717323,babel_parse_pass,inventory_and_automated_check_only
frontend/src/components/admin/media/MediaField.js,javascript,6918,195,d69442f5607540b686122ded5ea39049b5e02c3705daea994be631d44f1d3607,babel_parse_pass,inventory_and_automated_check_only
frontend/src/components/admin/media/MediaPageHelpers.js,javascript,3497,79,6aeb98dbf083d5261b0021eaa7d602d4c6f41d09ee318709f659df1d84cd6436,babel_parse_pass,inventory_and_automated_check_only
frontend/src/components/admin/media/MediaPageView.js,javascript,18696,451,ad12c309e1a272c95554e3f3b0f0afbc5a1aafb9bd8ed3b5fac8481c1b0f1590,babel_parse_pass,inventory_and_automated_check_only
frontend/src/components/admin/media/MediaPickerDialog.js,javascript,18183,418,17dc0f0df71e8ebeaa9eb07bce99a7e44af32a33591aa594f45a3da9ef7bbe86,babel_parse_pass,inventory_and_automated_check_only
frontend/src/components/admin/media/MediaToolbar.js,javascript,5242,135,e9caa48efaf8c162264760edaf8cc2b2b8cfe3b8fda1a6ee49ae5eebd869c215,babel_parse_pass,inventory_and_automated_check_only
frontend/src/components/admin/media/UploadQueuePanel.js,javascript,4399,92,861cc4b29cdcc9ef0317980e3abf1870dbc05297d1ae3d8c529849295d64fd7d,babel_parse_pass,inventory_and_automated_check_only
frontend/src/components/admin/media/useMediaUpload.js,javascript,4015,108,67434bf5653cf1b092f7a7ce63c00d75c9f29793cb6c2bdad20a5c1c70e9e3de,babel_parse_pass,inventory_and_automated_check_only
frontend/src/components/admin/products/ProductMediaTab.js,javascript,8162,189,0f66cc97b7c56c04bc9a40713df2ed6ae2b5853fb96a3ffade8f8743bdca61ae,babel_parse_pass,inventory_and_automated_check_only
frontend/src/components/admin/products/ProductsBulkBar.js,javascript,4005,100,658b1aa413335bd045166c0c30b6eddbc6c81c9d2353b445e5ae9cdc8ed5285d,babel_parse_pass,inventory_and_automated_check_only
frontend/src/components/checkout/AddressDialog.js,javascript,4830,75,b655febc9db5956bb6d356e8728a9d3be99a7e635fec4b43882285a9dc2b6de9,babel_parse_pass,inventory_and_automated_check_only
frontend/src/components/checkout/CheckoutSummary.js,javascript,3223,63,948181bf28794c89a99f04a39c04f3549ce2680c9d3579463624858cf64c4eb4,babel_parse_pass,inventory_and_automated_check_only
frontend/src/components/home/BestSellersSection.js,javascript,2313,61,cadef81e2d6828f43b7586065e25840c83bed16112cd2f4eabf5fff8563cc46a,babel_parse_pass,inventory_and_automated_check_only
frontend/src/components/home/BigScrollingWord.js,javascript,1963,53,75b5bbac89e002c8d9d968159d78c4edda231e1db57f7c244002e5443b137e35,babel_parse_pass,inventory_and_automated_check_only
frontend/src/components/home/CategoryGrid.js,javascript,3697,77,f503474dd61040cfa9ec2741c91ef7bc172b2389178c2b06abcf3e6ee853f3bd,babel_parse_pass,inventory_and_automated_check_only
frontend/src/components/home/FAQSection.js,javascript,2960,67,869f0e2b6294c4e6c312c676edaf52121ac0a6072fe8a4c4d66a4bfd1c60041d,babel_parse_pass,inventory_and_automated_check_only
frontend/src/components/home/FacetSection.js,javascript,4280,107,434a4e8f30419f64b2b251a29867a55c649b9cec326dfafa3a1c35c0ab535f8d,babel_parse_pass,inventory_and_automated_check_only
frontend/src/components/home/FeaturedCollection.js,javascript,4078,107,6011ccf7e83f330be33e3161b2a7122342bc6e70caa2f2c5b4a16aab334851fa,babel_parse_pass,inventory_and_automated_check_only
frontend/src/components/home/GallerySection.js,javascript,5418,101,5034049a3a355a66f8ae0b3cd5684843185c32a6f622e6a7a9488b9d0b8b6db5,babel_parse_pass,inventory_and_automated_check_only
frontend/src/components/home/HeroSection.js,javascript,7142,179,9b9c4b106f18919fb3b9b1f58e0993b16e84c718cd9d43eb85ed3f410fb6bc02,babel_parse_pass,inventory_and_automated_check_only
frontend/src/components/home/MediaGridSection.js,javascript,4974,102,801f8043fbf6a79ff15e8901804d01ddb8f34f0eb03d8cef8c78e6c90d9561b6,babel_parse_pass,inventory_and_automated_check_only
frontend/src/components/home/StripSection.js,javascript,986,29,474e0da999643dfbf69abdebb765ba373c35538f73dab9d4408c80dfc4f84e10,babel_parse_pass,inventory_and_automated_check_only
frontend/src/components/home/TestimonialsSection.js,javascript,3413,75,8253cd87abd3828ed53641345bfde58e9d8abe5c42baa6a5492ddb69f939f785,babel_parse_pass,inventory_and_automated_check_only
frontend/src/components/home/VideoOverlaySection.js,javascript,3226,72,7714398227881c8908d648c0676dffce9a1a4d52f1c4f8804dcea9642859f083,babel_parse_pass,inventory_and_automated_check_only
frontend/src/components/layout/AnnouncementBar.js,javascript,2266,60,25639f0e649e499f46f4d3f794800a0ec7105540300ae743e2ca64044e38332e,babel_parse_pass,manual_flow_review
frontend/src/components/layout/CartDrawer.js,javascript,7140,136,54817843ae32540b91b68fdb64c41d3fe99bbd4420b7899313f4be9f75a9fac2,babel_parse_pass,manual_flow_review
frontend/src/components/layout/MobileBottomNav.js,javascript,2423,59,849f292070e428999538cf076d1855d2e416edb2a84e6d7db439d08eb222b40e,babel_parse_pass,inventory_and_automated_check_only
frontend/src/components/layout/MobileMenuDrawer.js,javascript,3923,85,8ca1d832352766d76504c79ee2d71c9ffea0687acbe43bdd644e36d3d12e2e0b,babel_parse_pass,inventory_and_automated_check_only
frontend/src/components/layout/SearchDrawer.js,javascript,7319,167,b61422d3a90d345286bc4baf6bd2c4bda94a14756c34cfe2737abad4a772b64b,babel_parse_pass,manual_flow_review
frontend/src/components/layout/SiteFooter.js,javascript,6538,158,07c182351dcc9f1046b9a1cc14fa3e92072a32adfa359946511967f3d27c37e3,babel_parse_pass,manual_flow_review
frontend/src/components/layout/SiteHeader.js,javascript,6065,151,3b79c3eeb205dc828419494da2cb2fc0b9a9eacf5fc3d6cf70666aee1f240987,babel_parse_pass,inventory_and_automated_check_only
frontend/src/components/layout/SiteLayout.js,javascript,2217,48,3f4e94d2fb3af4047e1da13d1bc87abd77024e981ded2c42d7a3789b6afdb622,babel_parse_pass,inventory_and_automated_check_only
frontend/src/components/shared/AppReadySignal.js,javascript,727,17,2a3ea740f4da96cad5123035032577f8557bd6af81aa50b6b46116e1b06eccc6,babel_parse_pass,inventory_and_automated_check_only
frontend/src/components/shared/AutoCarousel.js,javascript,6774,180,01d89c76db6bb844d177420349b993a9a8203ebae1f87825e89c51645cca1536,babel_parse_pass,inventory_and_automated_check_only
frontend/src/components/shared/ChatWidget.js,javascript,5105,115,fca61df2cea83e252d259e4e29e6feb2e872d3c5e248e1966ba3f2e794866edc,babel_parse_pass,inventory_and_automated_check_only
frontend/src/components/shared/GoogleReviews.js,javascript,4029,88,96f78bb2447a948c67e70ae45d97822a09347b87f5a53e06a61be46b4349f1f3,babel_parse_pass,inventory_and_automated_check_only
frontend/src/components/shared/ImageLightbox.js,javascript,3985,94,c386fd2b277d165b8130e46f941aa2527a79c1bc78c809d0ada1b1c88524d87e,babel_parse_pass,inventory_and_automated_check_only
frontend/src/components/shared/MarqueeStrip.js,javascript,1622,45,92f064f1ba63b0951e297e7dee49fedb58612e58929f2d29f7a482a50e576df9,babel_parse_pass,inventory_and_automated_check_only
frontend/src/components/shared/PayNowButton.js,javascript,4163,86,698dcd1266bfcf55054d8957e1c2865c5ad84fd645fe472564c4af2a235f3884,babel_parse_pass,inventory_and_automated_check_only
frontend/src/components/shared/PaymentDeadline.js,javascript,1697,43,6f1aa920cfddb3e5ea0b8584a4e7dee6905a3eebd01468fcf6d8e564ded96ece,babel_parse_pass,inventory_and_automated_check_only
frontend/src/components/shared/PaymentPanel.js,javascript,11744,247,80aca5b1efd071b3935e84a3dea3c5b4e893022b2eb13d5d850f6ba1d06b7046,babel_parse_pass,inventory_and_automated_check_only
frontend/src/components/shared/ProductCard.js,javascript,10215,212,0aa17dcd15930193a1f3313a9b53e0bc7beddcaa1af5600154d8fced32f7fc43,babel_parse_pass,manual_flow_review
frontend/src/components/shared/ProductReviews.js,javascript,3536,85,8ffdef8cd992a7f5e4f235b2b908a30cc4a4185cdaf0c639b312fd6df718931f,babel_parse_pass,inventory_and_automated_check_only
frontend/src/components/shared/QuickViewModal.js,javascript,8130,157,57caacf42ef24d5b2c71086f193d73b54a5e479212619cfc7f749e3e62e7bb25,babel_parse_pass,manual_flow_review
frontend/src/components/shared/Reveal.js,javascript,1279,46,a9728038c1346802c60636deb396f446fbcf28b02b4fd6d079d25c1bc8636432,babel_parse_pass,inventory_and_automated_check_only
frontend/src/components/shared/RotatingSticker.js,javascript,1343,35,44a6eccb1862062905df57720ac5c64ef07b82ca417127448b2f020832d24598,babel_parse_pass,inventory_and_automated_check_only
frontend/src/components/shared/Seo.js,javascript,2501,75,cbc98fa0bd193e71ade550a1d01c1aa4f9d6faf73c7ecf978aec190242ee25cb,babel_parse_pass,inventory_and_automated_check_only
frontend/src/components/shared/Skeletons.js,javascript,1400,40,574eca3e78654c43279e0e7be3213a6d1ef2a418140b34e873922214cc27c831,babel_parse_pass,inventory_and_automated_check_only
frontend/src/components/shared/SmartImage.js,javascript,2993,83,e3b7fed2fa4e4ef6e413a8448f3cab5d093e4b54373e0473b9ed71bf4c945141,babel_parse_pass,inventory_and_automated_check_only
frontend/src/components/shared/StoreMap.js,javascript,3239,83,8725afa30969934ac8b30ac3568ce8cbe0edbaf583732c5bf39437b62fbd3546,babel_parse_pass,inventory_and_automated_check_only
frontend/src/components/shared/VariantSelector.js,javascript,3098,71,2dbeb4cc15987bc5429767053e3389ab911ad504750c3d6181568ca23ec94e23,babel_parse_pass,inventory_and_automated_check_only
frontend/src/components/shared/VoucherCenter.js,javascript,6398,159,dd50c253bdeb5f6b03b525904d83e26416f0a21dbf098431505eb662eefce62d,babel_parse_pass,inventory_and_automated_check_only
frontend/src/components/shop/ShopFilters.js,javascript,11172,348,ebded558f8751b94441e0b45240f7355cbc7dbf7b26bb53734f426ee04496d21,babel_parse_pass,manual_flow_review
frontend/src/components/ui/accordion.jsx,javascript,1656,41,478490060e2a3d511e1b5d1a7d65439bbb992e4e1e99d5f0709f325173453156,babel_parse_pass,inventory_and_automated_check_only
frontend/src/components/ui/alert-dialog.jsx,javascript,3558,97,fe21928546b77773543f93d7c4382094fd771403cf9b3d3928c572e72d9ece97,babel_parse_pass,inventory_and_automated_check_only
frontend/src/components/ui/alert.jsx,javascript,1382,47,809a0b3300cf85221cd2e667e2cd1970a138bdaa57ef512c81a39a2188dfc13d,babel_parse_pass,inventory_and_automated_check_only
frontend/src/components/ui/aspect-ratio.jsx,javascript,145,5,62f29cd87c19f52d403dc2d17823849db2c8cbd541c9f96de20ef13e58d379db,babel_parse_pass,inventory_and_automated_check_only
frontend/src/components/ui/avatar.jsx,javascript,1062,33,48963e22726413987e817f5c6f0b0f64438f87667de6a2154841aa8a4ce2b395,babel_parse_pass,inventory_and_automated_check_only
frontend/src/components/ui/badge.jsx,javascript,1024,34,fc8b4e031c04004ec0b19cdb90efcadfb26f2287c8d6798523c271bf96e090cf,babel_parse_pass,inventory_and_automated_check_only
frontend/src/components/ui/breadcrumb.jsx,javascript,2361,92,f7aa1d9b30ba04d766f3f510b58eb3d129258970c234e58eba325487b2908da9,babel_parse_pass,inventory_and_automated_check_only
frontend/src/components/ui/button.jsx,javascript,1710,48,9a5e2baa508c14319ece6be710b57554f9990a10682724b2cc15bb75b951fa3c,babel_parse_pass,inventory_and_automated_check_only
frontend/src/components/ui/calendar.jsx,javascript,2920,71,6e2ba6f3863bbab51e7d03b642f99545bd811185cb77541f9e00972e5afd1b3f,babel_parse_pass,inventory_and_automated_check_only
frontend/src/components/ui/card.jsx,javascript,1490,50,93f9674c69410d360fbba260dce1f63f987624b08a8dd39c999e4ca81740a548,babel_parse_pass,inventory_and_automated_check_only
frontend/src/components/ui/carousel.jsx,javascript,5004,193,b5239eb5e9ac5d362c0ed75e3fbd553d0857427e63e930721380614890678eef,babel_parse_pass,inventory_and_automated_check_only
frontend/src/components/ui/checkbox.jsx,javascript,902,22,b2b6819b326af045bedca84f081de6e49c7bf086110835b5b893d903ef0ec44b,babel_parse_pass,inventory_and_automated_check_only
frontend/src/components/ui/collapsible.jsx,javascript,324,9,a204a41111b93ca714e5e0a84e7ea09520f7783f2706bf00ecb2bcad5a0659fd,babel_parse_pass,inventory_and_automated_check_only
frontend/src/components/ui/command.jsx,javascript,4009,116,2dfcd2b74e94a85fdbb55e1850550ae5004ef610445cd16d99b373c466771724,babel_parse_pass,inventory_and_automated_check_only
frontend/src/components/ui/context-menu.jsx,javascript,6331,156,587e0f7d27e102b3f0282ec7baec9a0344d514c67528b64f1044deb9e32b4a7b,babel_parse_pass,inventory_and_automated_check_only
frontend/src/components/ui/dialog.jsx,javascript,3308,94,c008f15b01a6c8b427fa8bef9846767fc98e748032ab990da8d35ec5b74d8d69,babel_parse_pass,inventory_and_automated_check_only
frontend/src/components/ui/drawer.jsx,javascript,2435,90,5ae93a913a1ee49637ce59dee3999ffb373fd6a24771683a3f920248ee21da66,babel_parse_pass,inventory_and_automated_check_only
frontend/src/components/ui/dropdown-menu.jsx,javascript,6501,156,4067cf704349c1febfa035aaeddad386b534425199d67b643507147a0d1e5a49,babel_parse_pass,inventory_and_automated_check_only
frontend/src/components/ui/form.jsx,javascript,3254,133,781561c6eb18bd70c6e895f859c3c9d53836d418c36a793d5d13f89bc9a177f1,babel_parse_pass,inventory_and_automated_check_only
frontend/src/components/ui/hover-card.jsx,javascript,1132,23,bd8408b2be5056a240820a7c9a53a8e43e85a74a3ffe2b98e8e97556cc724926,babel_parse_pass,inventory_and_automated_check_only
frontend/src/components/ui/input-otp.jsx,javascript,1862,53,510554e342e49fc2bf6390562d9d40bc72edad4713bd5d1fc005f5aab1c43d9c,babel_parse_pass,inventory_and_automated_check_only
frontend/src/components/ui/input.jsx,javascript,707,19,afd413939ddd20870e82644da3dd108411cff0ae34b627a2882270429ce78004,babel_parse_pass,inventory_and_automated_check_only
frontend/src/components/ui/label.jsx,javascript,541,16,6a429ead60a45fa3705de0bd705d4ca08c77009ab4fbfefbb321b40b4b7ce86d,babel_parse_pass,inventory_and_automated_check_only
frontend/src/components/ui/menubar.jsx,javascript,7072,198,29d774c1e564b3519d40e992f723ce4d2d48b1d0bef829c6a38f6165e79eade6,babel_parse_pass,inventory_and_automated_check_only
frontend/src/components/ui/navigation-menu.jsx,javascript,4403,104,81483c2593765f074cbc31f8983b88fc7dd1cbb3ce54241411922e21e4166309,babel_parse_pass,inventory_and_automated_check_only
frontend/src/components/ui/pagination.jsx,javascript,2422,100,30c62c8579e0661792bdfec1967bd815be4a70af3d45ec5e507275f9dbe34a4e,babel_parse_pass,inventory_and_automated_check_only
frontend/src/components/ui/popover.jsx,javascript,1243,27,572cf3701443191f705a2fac98f221f2138776f93d190baa1e2ce37faa9c1688,babel_parse_pass,inventory_and_automated_check_only
frontend/src/components/ui/progress.jsx,javascript,674,21,7da5154a7206c7763053dd4482a08ae483797b2ccb51250df3f70505d6c0907c,babel_parse_pass,inventory_and_automated_check_only
frontend/src/components/ui/radio-group.jsx,javascript,1162,29,b1ea1a9edd7e8f6247beac7e569c1b75cf1dd604d47e1a0ef3d646cdd9f61a38,babel_parse_pass,inventory_and_automated_check_only
frontend/src/components/ui/resizable.jsx,javascript,1596,40,64761fc12edebe9f485d9e930e4110e71f684b372ab5b9b6c995a5f51a036ba7,babel_parse_pass,inventory_and_automated_check_only
frontend/src/components/ui/scroll-area.jsx,javascript,1400,38,deac8e89bafcdedeb795ed43a524e70cef654978102b0c854b75f9826f524520,babel_parse_pass,inventory_and_automated_check_only
frontend/src/components/ui/select.jsx,javascript,4888,119,34d264cca61ed75de8ebc76c856438167f4f12dd727bf100abe7409bc2cc86dd,babel_parse_pass,inventory_and_automated_check_only
frontend/src/components/ui/separator.jsx,javascript,623,23,0e01021eb735c6f4f8c0c6b3a9f99dd8428fe837c1a12b7d8be441e5a7d53030,babel_parse_pass,inventory_and_automated_check_only
frontend/src/components/ui/sheet.jsx,javascript,3643,108,1725e0d455087c10ad67ddece7bd525f740cadf8f701a6ea4aa342c566434ebd,babel_parse_pass,inventory_and_automated_check_only
frontend/src/components/ui/skeleton.jsx,javascript,239,14,fb061446b99d1f3a987eaf3920df0dabeed019dad4207dc7bb2159a6244a697c,babel_parse_pass,inventory_and_automated_check_only
frontend/src/components/ui/slider.jsx,javascript,935,21,13a9ab62370c58be57848de7100de3e5bbfcdf4a669bbfb635b7ccb11c6b1de1,babel_parse_pass,inventory_and_automated_check_only
frontend/src/components/ui/sonner.jsx,javascript,1259,31,ef6baa4970ba06c4669cb2c2853c78ef95252e4b259df07d5f41f6f2b6e0d29a,babel_parse_pass,inventory_and_automated_check_only
frontend/src/components/ui/switch.jsx,javascript,1047,22,d3692433ca2fcb3bd74b587cd096942c5582452a6a95ddaf1806dceda899d592,babel_parse_pass,inventory_and_automated_check_only
frontend/src/components/ui/table.jsx,javascript,2317,86,5a64292b865d5fc40675f65c5a84122f17e0719602f5737fbda01a4d529a9a2d,babel_parse_pass,inventory_and_automated_check_only
frontend/src/components/ui/tabs.jsx,javascript,1570,41,efefae7020ecab8eac458a60b684569f0b1c7adac0e8622fbe9b9cec9ef588cf,babel_parse_pass,inventory_and_automated_check_only
frontend/src/components/ui/textarea.jsx,javascript,603,18,3fa248f1e4af834a9d217efbc2be23a7f195b6411b70188e0c92954834323a30,babel_parse_pass,inventory_and_automated_check_only
frontend/src/components/ui/toast.jsx,javascript,3914,85,77290f60c82034ae63f2edef1c8c2c467cf7bf3c44181e9e85c378278fb1ed3d,babel_parse_pass,inventory_and_automated_check_only
frontend/src/components/ui/toaster.jsx,javascript,807,33,a32aa37772c4cedc304e436c215b746492e80fe9098b5a808f427d7dcf203130,babel_parse_pass,inventory_and_automated_check_only
frontend/src/components/ui/toggle-group.jsx,javascript,1311,43,ff3e08fcf41370780949dc71e40e535775f198a8c711330da391cd038be419fb,babel_parse_pass,inventory_and_automated_check_only
frontend/src/components/ui/toggle.jsx,javascript,1364,40,9ce1d15274ca504b0e93869893327fe6d86b8d2938f53367e6ceabd5bd9adb49,babel_parse_pass,inventory_and_automated_check_only
frontend/src/components/ui/tooltip.jsx,javascript,1153,26,208e3ae984234a9ce5086689b3862b1741c3c7044e64b55d4d6a84c960d5015e,babel_parse_pass,inventory_and_automated_check_only
frontend/src/constants/testIds/admin.js,javascript,13506,283,cb79437d56346da55395c8c1debd908b6f1af32577427995b6c5d45d11dedd11,babel_parse_pass,inventory_and_automated_check_only
frontend/src/constants/testIds/auth.js,javascript,1240,33,e500da34723934ce59ec785638ca422159265b5a33b611d017cba7d64ecbda05,babel_parse_pass,inventory_and_automated_check_only
frontend/src/constants/testIds/catalog.js,javascript,793,24,831ef3c3a5f8f47b11562252eaa8e65ea8bbaf39ae849bf75d021b45be84114a,babel_parse_pass,inventory_and_automated_check_only
frontend/src/constants/testIds/growth.js,javascript,1053,28,fd2d4b9e84bdd93561d29a50653df77c9d41246615b07493c2bc162aa7b2a22c,babel_parse_pass,inventory_and_automated_check_only
frontend/src/constants/testIds/home.js,javascript,217,6,7ee369534400e583036d16ccc08c71e2afd30486f283ecef4a7d4b80b12cb7b3,babel_parse_pass,inventory_and_automated_check_only
frontend/src/constants/testIds/index.js,javascript,825,19,94b0f2a32ccb9e030d6b51991301d218452f678ec05a05a32905b964acb14bcc,babel_parse_pass,inventory_and_automated_check_only
frontend/src/constants/testIds/vouchers.js,javascript,590,14,1f6358d321a762a63a4797140ee7521974ea01a527bc795066f1861c020abd6c,babel_parse_pass,inventory_and_automated_check_only
frontend/src/data/products.js,javascript,15832,403,cb49b0ec7306b8033be6a39f01dc1833a7083798656c16e498c816b15935895c,babel_parse_pass,manual_flow_review
frontend/src/hooks/use-toast.js,javascript,3240,155,73d6d7346b63128ac214692ba99cf67ec11a2bce9c0aa8d479f958de8402dae2,babel_parse_pass,inventory_and_automated_check_only
frontend/src/index.css,stylesheet,11536,306,03e01952fcd4a38401924c4797efe915d428f76c245e5da283e4ea0ae397ee14,build_pass_with_lint_disabled,inventory_and_automated_check_only
frontend/src/index.js,javascript,614,24,d15c8fe013f82ee961fd48f9434ff33336ea3b6855a3009ebdb4aae727c2f486,babel_parse_pass,inventory_and_automated_check_only
frontend/src/lib/bottleArt.js,javascript,7983,190,ee53ea51f48bd0d9bec966aff310f354258f338ea126b20df3650f2465fb13dc,babel_parse_pass,inventory_and_automated_check_only
frontend/src/lib/brand.js,javascript,2195,54,6bc652887f89ea21f3dcf34915e0d8797173d79481f7e279233a5a06d77c80ed,babel_parse_pass,inventory_and_automated_check_only
frontend/src/lib/format.js,javascript,540,18,786547d7d2007c02d9c1ac6ff4cf4e2a4d0bff55e01d3f90584db95ef83a0584,babel_parse_pass,inventory_and_automated_check_only
frontend/src/lib/mediaUrl.js,javascript,4107,92,e1521dcf28e32d8b4e9679b8404b76eaf46654195a2cd5ba7b1960a160392c86,babel_parse_pass,manual_flow_review
frontend/src/lib/moodArt.js,javascript,6357,126,3a3bc4e2616aa05e4fb0cb14d0eb749736b7a26d3ff28e17b97a54203b932fc2,babel_parse_pass,inventory_and_automated_check_only
frontend/src/lib/realImages.js,javascript,1850,52,0d4894cfedf6abdd2199b0d5f2a1ef231baa7ef8959c2d860b78601fc0f3871c,babel_parse_pass,inventory_and_automated_check_only
frontend/src/lib/stock.js,javascript,1166,26,95358250093874bca8d5e4b2262f5c9dcf3ed19d131c97a27d41c6a9586baaa5,babel_parse_pass,manual_flow_review
frontend/src/lib/taxonomyIcons.js,javascript,1379,46,38b46761a9195129198d7a4bd2abea9b30b68b1f0edef34233f0374010d571ff,babel_parse_pass,inventory_and_automated_check_only
frontend/src/lib/utils.js,javascript,143,6,3bcac7a07bceaa00186a5ae6a950ea0fda278ad068cf71b7d1061ea58cd8de78,babel_parse_pass,inventory_and_automated_check_only
frontend/src/lib/variants.js,javascript,2696,64,9108370c432ccd82fa5d5c2e45f54c92aa2e806f918bec94201414a75eeada0b,babel_parse_pass,manual_flow_review
frontend/src/pages/AboutPage.js,javascript,8288,148,b8ed0295ada4b7de48c8fc01372148e6e39c389145b5fe40cde8069aa80693b0,babel_parse_pass,inventory_and_automated_check_only
frontend/src/pages/AccountPage.js,javascript,6568,134,b490ecdb7c27bf870c8c37125f24b4aecaaf8ed09fe3f7cf0ac0de4a3fa2deae,babel_parse_pass,inventory_and_automated_check_only
frontend/src/pages/CartPage.js,javascript,13335,250,adad604ebc131cea794a748633256596017b856533baee0569e19066fb4e396b,babel_parse_pass,manual_flow_review
frontend/src/pages/CheckoutPage.js,javascript,25448,486,95d57928670f6e8a8633ed6f2bfa19b4a3d4aee12495d5b4bc388e25bedf0bfb,babel_parse_pass,manual_flow_review
frontend/src/pages/ContactPage.js,javascript,9936,176,8aa8d04d72d101530d84d5e8dfa86d59366e57669396591f5b1339969dfb70d9,babel_parse_pass,manual_flow_review
frontend/src/pages/HomePage.js,javascript,5083,116,7379fc5a313e39984428172e007ecc3bf5d0d31d4970d7b317fb1e1df2ac3055,babel_parse_pass,inventory_and_automated_check_only
frontend/src/pages/OrderSuccessPage.js,javascript,13204,245,0a663770c534f0a73724e37ef66e23033bec11d7699a153d508937cfd5793bb9,babel_parse_pass,inventory_and_automated_check_only
frontend/src/pages/ProductDetailPage.js,javascript,26388,497,c55b4281cbf9bf09ce8bff136f9fe955d14e7f74f424fc4d15450f373c46c58d,babel_parse_pass,manual_flow_review
frontend/src/pages/ShopPage.js,javascript,20179,434,2377f7ac9e73ea30447f29f73b5b1e2a46c5bdd12a71f797a1c43f3c81ac2f68,babel_parse_pass,manual_flow_review
frontend/src/pages/StoreLocationsPage.js,javascript,8050,162,6988515f36bf96cf461b12cdf0389da750ba1332aeb5bd54965b427411e18351,babel_parse_pass,inventory_and_automated_check_only
frontend/src/pages/VoucherPage.js,javascript,3466,85,1ae8a30b63d174db7ec95eaf50110c79cfd65e15d4bcd28e16baaf41b44002c1,babel_parse_pass,inventory_and_automated_check_only
frontend/src/pages/WishlistPage.js,javascript,2720,59,17c1e5c6ee54851646420c1398bd1246f6a5a28596b3b7a77b9aa0f42c2ee8ed,babel_parse_pass,manual_flow_review
frontend/src/pages/admin/AdminAnalyticsPage.js,javascript,5854,127,9fa571d39636b48733a410d7688f4adc3389d286472359d48737adbe27c6fcde,babel_parse_pass,inventory_and_automated_check_only
frontend/src/pages/admin/AdminBackupPage.js,javascript,23704,467,04bf5616b22d8b55447f630f4e676afc064474ced20ce05d808d9c43cab38982,babel_parse_pass,inventory_and_automated_check_only
frontend/src/pages/admin/AdminCategoriesPage.js,javascript,6508,115,28a240e28c6974631d7db9938ac1717db658e4b424572043f79322a66baae48e,babel_parse_pass,inventory_and_automated_check_only
frontend/src/pages/admin/AdminCharactersPage.js,javascript,899,17,b651ee6b130cfa05dda1ff8a3894cfe8ca9861ce31061a5cfa196a42c8d48a12,babel_parse_pass,inventory_and_automated_check_only
frontend/src/pages/admin/AdminContentPage.js,javascript,21556,453,1437c7841f74fb4a6b6d413f69bea78cfa54cc657805dd1879e1d3a03a6e6954,babel_parse_pass,inventory_and_automated_check_only
frontend/src/pages/admin/AdminCrmPage.js,javascript,6372,136,c26145779bffcbe20dc4c12c66157f8af168c489b529a70220ab76d8a3310f48,babel_parse_pass,manual_flow_review
frontend/src/pages/admin/AdminDashboardPage.js,javascript,6091,137,9b73c42394125e9dbffd34de835a5c34c9c48a597475064996eef6ca6c83680d,babel_parse_pass,inventory_and_automated_check_only
frontend/src/pages/admin/AdminFacetPage.js,javascript,9222,169,e12e9bf3c584159e0b419900da16415713301d01c81ba3c17dff6e316794b424,babel_parse_pass,inventory_and_automated_check_only
frontend/src/pages/admin/AdminMediaPage.js,javascript,16229,449,19fe749d7524944d8446225277cc4e31be64cab47e5efe840f918ec84ad67da9,babel_parse_pass,inventory_and_automated_check_only
frontend/src/pages/admin/AdminOccasionsPage.js,javascript,877,17,49ce90a7425c643da2ce701e432b4e27f089ebe3143ff8776ada484a3388a1e7,babel_parse_pass,inventory_and_automated_check_only
frontend/src/pages/admin/AdminOrderDetailPage.js,javascript,10997,179,71a9ebf44b935d82c9ab2b0cb851980ced1931874425cbfcf4129f6ab12f05f5,babel_parse_pass,manual_flow_review
frontend/src/pages/admin/AdminOrdersPage.js,javascript,4017,75,adc3ca19e016844be74996b9eecabf79b47a484f8c1289d1e8fbe619f6a8d39e,babel_parse_pass,manual_flow_review
frontend/src/pages/admin/AdminPaymentsPage.js,javascript,8609,166,559f89aaf6121db3f2b7c502845675db2c29ca05fb584fb5025aa31cb5fa0902,babel_parse_pass,inventory_and_automated_check_only
frontend/src/pages/admin/AdminProductEditorPage.js,javascript,27743,488,1e7fc9ffbc3b0dc3ffb2fb8b8f5730156cc85ce194b7071a511356468e73ed4e,babel_parse_pass,inventory_and_automated_check_only
frontend/src/pages/admin/AdminProductImportPage.js,javascript,17271,417,8b7695a0b1f935b2a4bc0b092ae35fb6f3ead56d7ff771b74f677029b4671b1e,babel_parse_pass,inventory_and_automated_check_only
frontend/src/pages/admin/AdminProductsPage.js,javascript,16249,338,3bb57697ae866a7986a70b81be29c6b05c067d9f4a43b26721efa33ce4588263,babel_parse_pass,inventory_and_automated_check_only
frontend/src/pages/admin/AdminReviewsPage.js,javascript,4590,91,ecb72795cd2f355ded91f2512397bb691bf03ffdfe038c86aedd64375457101f,babel_parse_pass,inventory_and_automated_check_only
frontend/src/pages/admin/AdminSettingsPage.js,javascript,25302,429,39c32b0849bb4744b00cea4e298ec66c8e5e4160bc2087dcb423d0830ce16cec,babel_parse_pass,inventory_and_automated_check_only
frontend/src/pages/admin/AdminStoresPage.js,javascript,18768,276,bee3986243045b95f87139467c876129e7b4759d4b96a6e953b8aa8322ce7b7c,babel_parse_pass,manual_flow_review
frontend/src/pages/admin/AdminVouchersPage.js,javascript,8823,141,685d65dd807b3c1ec8d01d9387e3246586e5c3e84b8f783abaa72b439a63a42d,babel_parse_pass,inventory_and_automated_check_only
frontend/src/services/account.js,javascript,1471,22,953f55da52d0f21c082086b8c8b9d8f377cbd6f2275e3393683224975b9750d5,babel_parse_pass,inventory_and_automated_check_only
frontend/src/services/admin.js,javascript,15076,253,9351f9e1757245482f9261d0606a2b1f4533e80a6a54d51c38bad5fc4b867837,babel_parse_pass,inventory_and_automated_check_only
frontend/src/services/analytics.js,javascript,1240,38,a0a8cc9ae7f6b0c430bfd42175db8ec29dfeb67a76030e35a04370fcf5931f92,babel_parse_pass,inventory_and_automated_check_only
frontend/src/services/apiClient.js,javascript,1488,41,823e528043149d3b6822ccb625f3b0979774ea188ed450715a95655ce6beed47,babel_parse_pass,manual_flow_review
frontend/src/services/auth.js,javascript,976,25,964f8e1d8aa0aef294e5c07bb270fe888fc1df52f4a9391a2be0be8a4b0b582b,babel_parse_pass,manual_flow_review
frontend/src/services/backup.js,javascript,2945,69,64489d65130e52104b6121fad6d49746febbf5efeb3108b39e78f285f1934398,babel_parse_pass,inventory_and_automated_check_only
frontend/src/services/cart.js,javascript,1137,25,b38285bf58a63b58656a01bbf651f91dfb2799652c1bf7b004d0d5ebd7660c4e,babel_parse_pass,manual_flow_review
frontend/src/services/catalog.js,javascript,3817,94,44fef94917c19342f54cd828836aee96db8e655a450b77e3e5ad97430fdfacff,babel_parse_pass,manual_flow_review
frontend/src/services/config.js,javascript,1066,26,1329208a77da89ca290d22db413d020307b5b0a1da4814f7686e1d93f3456fb8,babel_parse_pass,manual_flow_review
frontend/src/services/gateway.js,javascript,1816,38,29dad317ed70b6ba520e1dbf0f2f7d78408559089c8d1fee0879aefb57383e99,babel_parse_pass,manual_flow_review
frontend/src/services/media.js,javascript,6185,154,74458c4268df0060c8394b3b2226e0f4cbb129b6d440783581252ceccd52f8c8,babel_parse_pass,inventory_and_automated_check_only
frontend/src/services/orders.js,javascript,5703,150,7a583be32f2fe65ace7cc4939e2da33ec332d9a8d87da8ab93d33e27a5e64161,babel_parse_pass,manual_flow_review
frontend/src/services/stores.js,javascript,2241,34,a4dc76014cbc241e462071757dcaf3f6ecb9b4a282a9af817baa6fdbbe0e71f8,babel_parse_pass,inventory_and_automated_check_only
frontend/src/services/vouchers.js,javascript,1684,38,577b754b203e05d2aefdda45ed9c1321064b3b506016dd8980a22cfb2653e926,babel_parse_pass,inventory_and_automated_check_only
frontend/src/setupProxy.js,javascript,414,15,c386d5594a1cb1885b427170f014c894317f370b131a21a76f08350382f69e60,babel_parse_pass,inventory_and_automated_check_only
frontend/src/store/AuthContext.js,javascript,4806,140,452f05707fabfd778d1cf6f6772f92eaaae2323829090b19fbc8e45e11902fff,babel_parse_pass,inventory_and_automated_check_only
frontend/src/store/CartContext.js,javascript,6791,175,4c014488ae0a326284e63080795b6d845d38d10bc3213a0fd3688f21695108e9,babel_parse_pass,manual_flow_review
frontend/src/store/CatalogContext.js,javascript,2888,80,8e088483ef093ce1a2e1cfa424de4a42e547e111eb25fc3ecb1dec9deb69d0d7,babel_parse_pass,manual_flow_review
frontend/src/store/ContentContext.js,javascript,3129,75,37047b3c081309fdb4e8f54a66cdac2a788716bbdb3556d2768f1acaa639ad5c,babel_parse_pass,manual_flow_review
frontend/src/store/QuickViewContext.js,javascript,203,7,904273078af332678a46e9d43a71531b1dbe7c5311a7478e00df780de45bf8fc,babel_parse_pass,inventory_and_automated_check_only
frontend/src/store/SettingsContext.js,javascript,1084,25,741e8ad0c99acf77dffd7888f325a551d1ae022058c51e3d5736186ecd205a7b,babel_parse_pass,manual_flow_review
frontend/src/store/ThemeContext.js,javascript,1535,42,b13d27c988f2b66b6efc038d533470fd97fd7cdcecd62733ef6ca1538898cc11,babel_parse_pass,inventory_and_automated_check_only
frontend/src/store/WishlistContext.js,javascript,3109,91,b5c2e9607df8c1707af1a503aa92f1a2a3e23bd51e47f2dec4c678d820ccc067,babel_parse_pass,manual_flow_review
frontend/src/styles/theme-glass.css,stylesheet,15666,351,7f82aeb7b5b8dede23b99f51810b56d2522feb734dd2ba7f16d63e7cb1079128,build_pass_with_lint_disabled,inventory_and_automated_check_only
frontend/tailwind.config.js,javascript,2330,82,23dc32eaca95ed32f865e7080d05c3377ced044b52d4d3fee5b8c0b95b7f8f27,babel_parse_pass,inventory_and_automated_check_only
memory/.gitkeep,text,0,0,e3b0c44298fc1c149afbf4c8996fb92427ae41e4649b934ca495991b7852b855,text_read_only,inventory_and_automated_check_only
memory/BUG_REGISTRY.md,text,9411,69,21ceb000a1ca2080babdae67ceec7f01026c4b12aaea232cb712cdfbf5a64f19,text_read_only,inventory_and_automated_check_only
memory/DELIVERY_MANIFEST.md,text,24517,513,b86726ec3463e187bb1f3583d5bf90cc7e4bc3d6c8f71674da0bbff3ab04fadd,text_read_only,inventory_and_automated_check_only
memory/GATE_RECEIPT.md,text,2217,44,b38fecb26ea36d9b069cb9b9c65bafdcab9139c8e6e479084854a80e4e145a00,text_read_only,inventory_and_automated_check_only
memory/HANDOFF.md,text,10991,190,59691cd075abd0303669b97baa232aab0ceef476e2fd3cf27bd9b1189e4d3f42,text_read_only,inventory_and_automated_check_only
memory/INVARIANTS.md,text,4174,49,a071ae0df4c26299672d640b5963038459df2e301a6e73bcad9f52e65a76bdd0,text_read_only,inventory_and_automated_check_only
memory/PRD.md,text,6614,81,075d0c775b318e99678f865117aa576843f848c190636bb7a6ea01142ccfbc63,text_read_only,inventory_and_automated_check_only
plan.md,text,30440,359,0bb0d3301f5b9a124f8371cdfa4c3ff11b3c39940da193e92ee2b541de32077a,text_read_only,inventory_and_automated_check_only
scripts/README.md,text,4731,76,8d22ef561ffaf45db84ff8aee397a4166649f080becd2927d2bbcd97609d441d,text_read_only,inventory_and_automated_check_only
scripts/audit_endpoint_sweep.py,python,5166,148,0076418140666d9685d9a7950660d61c4c5012cae84ffdfa59f72c5a81861c5f,ast_parse_pass,inventory_and_automated_check_only
scripts/check_media_refs.py,python,1622,40,bcb3e5a7c39da72aebbb4f5855a73d6aad98785049e62a435f486f3718b79778,ast_parse_pass,inventory_and_automated_check_only
scripts/check_nav_map.py,python,4541,119,5f33fec06d3de847f0f610fc8b448d2340a46d14a854ae34ad6aafb8f6904804,ast_parse_pass,inventory_and_automated_check_only
scripts/cleanup_test_pollution.py,python,1120,36,edebd35e0c753a7e20d1bfdd0faf846d64e54bf078f07faf3454bf812441f37a,ast_parse_pass,inventory_and_automated_check_only
scripts/gate.sh,shell,7084,109,e44f68bfa7322a9ff84670b6b003eb131efab528f7eefc33cc6bac155912f1f5,text_read_only_bash_unavailable,inventory_and_automated_check_only
scripts/guardrails/_common.py,python,1631,42,f34393c4f4f28e31293d7ef02d2c8a4c2821836013d91a58aca77cfc815ddd20,ast_parse_pass,inventory_and_automated_check_only
scripts/guardrails/verify_adversarial_5xx.py,python,4471,112,75e3eb1879d21bf418a770af789612d86b941719f8587f81b6832e67fd6930bd,ast_parse_pass,inventory_and_automated_check_only
scripts/guardrails/verify_auth_resilience.py,python,4492,98,e8e6930f80409b4fbc45e706f3e521836558ce6b4f7e6a68c9930fa0445926b2,ast_parse_pass,inventory_and_automated_check_only
scripts/guardrails/verify_numeric_bounds.py,python,2366,60,bf53cb7077c4854eec73126a7ff2a9652d2435edd61996055932a2a59a188b41,ast_parse_pass,inventory_and_automated_check_only
scripts/guardrails/verify_rbac_guards.py,python,3494,74,f6797700a8438c420c66a3dffdcae1bfce92d12b1434bf8628926b5b963f02cb,ast_parse_pass,inventory_and_automated_check_only
scripts/guardrails/verify_stock_locks.py,python,3870,96,0d4655f73ca52e0604105eed72fb36db49a97421dc59f9451ef4aa2d7074dbc4,ast_parse_pass,inventory_and_automated_check_only
scripts/health_check.py,python,8684,193,9795d0c703ab60cb20c9ec0b3d398ed3d0adae000e849bbecd5426487b9763af,ast_parse_pass,inventory_and_automated_check_only
scripts/import_user_catalog.py,python,6225,146,f53399c319da37dcb6d61d05c8f24fa00dfd724bee2f4a17c593d5ed25d53758,ast_parse_pass,manual_flow_review
scripts/load_context.sh,shell,1610,31,17c703806dc88df9e67df653b8e5b49d310078d9fd04bac59fbd2458854f4736,text_read_only_bash_unavailable,inventory_and_automated_check_only
scripts/make_import_example.py,python,10270,248,ed174a1459620ea46a38f57b822a172899cc7dcaa00ae2d3089f89fd78ac5f4c,ast_parse_pass,inventory_and_automated_check_only
scripts/mutation_smoke.py,python,5631,154,116e8c9afdd01724bce85cb671ebf24d6204784cae45c08b0b095ca4cf246bf3,ast_parse_pass,inventory_and_automated_check_only
scripts/preflight.py,python,3313,92,3f00297fd7cdd47bae63285ecbf8cde23749a7dea6f1cb9a1f1939f585d23240,ast_parse_pass,inventory_and_automated_check_only
scripts/qa_cleanup.py,python,1897,54,40314d8ed580b03eb7422ddd4e9803e4c815c27339e5b55e383d90e0f804cd28,ast_parse_pass,inventory_and_automated_check_only
scripts/repro_sales_flow.py,python,5488,109,f0063e3ea8e14520520b84296f878f49ddc3b864cae283396dc3ce3129be3421,ast_parse_pass,inventory_and_automated_check_only
scripts/run_forensics.sh,shell,809,23,64d5f687e0b5900ff7f7156ea4f991b32d9013a90e5da42f3cd2991d73db98eb,text_read_only_bash_unavailable,inventory_and_automated_check_only
scripts/seed_data.py,python,38776,609,01cc90939a4520f061077af209c47ba729f5ec28032eb06c5d583ee2aeb7c356,ast_parse_pass,manual_flow_review
scripts/seed_reset.sh,shell,1805,35,e8cdec3ffd1ab7f0622cddf04a7d5e95c83b6e720efafaf386b101444d748ee6,text_read_only_bash_unavailable,inventory_and_automated_check_only
scripts/ta_test_variant_matrix.py,python,21896,564,f9f032c20623794c96680eaecf883a0664403a45edca41d2250ae0b5870d1cee,ast_parse_pass,inventory_and_automated_check_only
scripts/test_e2_core.py,python,9592,214,26db252172b1c73a86744d254bb48bb8c7dfe7a73d332042eb8b2148b8a17858,ast_parse_pass,inventory_and_automated_check_only
scripts/test_e3_core.py,python,18178,410,2491c22a8f27d77447affb2221e72c563acb9abc552494e67087ce7b32c70264,ast_parse_pass,inventory_and_automated_check_only
scripts/test_e4_core.py,python,8502,185,81be02b5a3cbb428ea35433b913918512ed541c2713550da07622c7d7707dfb4,ast_parse_pass,inventory_and_automated_check_only
scripts/test_e5_core.py,python,17391,317,a73c7429d45c8fd2eef22c078a6f16b31ddaa5a9be7f8d3edcd5e4974f5bc2ab,ast_parse_pass,inventory_and_automated_check_only
scripts/test_e6_core.py,python,13032,232,74fc5f275d8f0787fff1be39e39d1ddc669882329ee05e0170d564bd04aa701b,ast_parse_pass,inventory_and_automated_check_only
scripts/test_e7_core.py,python,8288,168,1e05aa04be0d6a0aa4817890b56b361f856ed44bd40b573a7307fcfa1cc3b304,ast_parse_pass,inventory_and_automated_check_only
scripts/test_e9_core.py,python,9180,220,f5b15da2862441cd7a5ab7ae72f76f2df4364856ff591154524124a6e674e61b,ast_parse_pass,inventory_and_automated_check_only
scripts/test_fase1_sales.py,python,8556,156,93cb0092a0b93026c6f263f5c198eb7d5db26435bb4574bd72a9130c633e5ac8,ast_parse_pass,inventory_and_automated_check_only
scripts/test_gateway_midtrans.py,python,8111,123,73003a497ce4d2029a584ea5e620052864f4e1e1890619c0ffc1a12b6f057dcd,ast_parse_pass,manual_flow_review
scripts/test_import_http.py,python,4840,119,fe7182cb984e0e47aea70c70ad64c2446862c03e7a181c48222a85e64ecc45d9,ast_parse_pass,inventory_and_automated_check_only
scripts/test_import_ndim_poc.py,python,11856,243,f05f4e2e66e573bc50f640ecf625e8f284742c368eb7e7560aaa776274e7e57b,ast_parse_pass,inventory_and_automated_check_only
scripts/test_import_session_poc.py,python,20849,377,4eb387c969fc094d7bca49a9a18585f2d48235d2bd8e55f0e168124ac09b8df7,ast_parse_pass,inventory_and_automated_check_only
scripts/test_media_core.py,python,36293,722,823f1fc1b3f18df1b36d16ee32cdd7ad340efeac197fadf8a8a151907b1eb51a,ast_parse_pass,inventory_and_automated_check_only
scripts/test_phase2_variants.py,python,7468,139,8834577d72ae4c19798b88d592b05ad5cd72f6760cce9d7e5777798de03963fd,ast_parse_pass,inventory_and_automated_check_only
scripts/test_product_io_core.py,python,25470,448,572a529f0483c76bbcfe592b2e9d5032a6b4e362559594e858e19f6319e34be3,ast_parse_pass,inventory_and_automated_check_only
scripts/test_shop_and_import_e2e.py,python,34147,651,c8fa18a2ca9cbfc7c96dfb0bdbb7abf9428bfeabeb020ba9b33bcc904fdd1dc8,ast_parse_pass,inventory_and_automated_check_only
scripts/test_tier_matrix_poc.py,python,22186,436,1a70e15ff67d687b962afdc7cf28d1b3eeabf5598e4edeb7ee80d29becd11120,ast_parse_pass,inventory_and_automated_check_only
scripts/test_variant_matrix_poc.py,python,14989,320,b6b85f1fd4556188dc5f540ba4b352b490b5369ad31c2d9c3624f0c349afef5b,ast_parse_pass,inventory_and_automated_check_only
scripts/ux_audit.py,python,3359,84,96d51f5fca01f84a0bf570355148b19e31acfa78b5be3653212668a823bb9596,ast_parse_pass,inventory_and_automated_check_only
scripts/validate_compliance.py,python,6446,162,2a3de5113e8388c8488048b18c3a7cc327a692691cd3e6ca3b8c81289aa30699,ast_parse_pass,inventory_and_automated_check_only
scripts/verify_api_contract.py,python,5190,131,06bdf8a7d4eb477c95646bf3247517ea4091f4258662383a8a25b909bfb1a49f,ast_parse_pass,inventory_and_automated_check_only
scripts/verify_architecture.py,python,4238,113,ac113534dda0fc8a2e2c97ff64f20197292034821a1f1835ecf56d5b0ed7d8a9,ast_parse_pass,inventory_and_automated_check_only
scripts/verify_concurrency.py,python,5262,144,78b085f3724ec6b30057e3411971520d0494456955f62a3efe905fbc3190c47a,ast_parse_pass,inventory_and_automated_check_only
scripts/verify_contract.py,python,6531,151,9aabe64650c49fc4c8a9807dc72fc59522fba31e084a25db26dced800d4b5a32,ast_parse_pass,inventory_and_automated_check_only
scripts/verify_cross_entity.py,python,5525,125,02e4da38ff17b0ec2bf30324c671e64cc4d0d8c99096105b7bb1e02c96c25356,ast_parse_pass,inventory_and_automated_check_only
scripts/verify_data_integrity.py,python,24444,493,28858749cac2ff15f991d3e451747b053f7f6c48456c74e1187e54306bf16952,ast_parse_pass,inventory_and_automated_check_only
scripts/verify_delivery.py,python,7525,196,a7a5ca3f8fa662f9c723d580627ae9222c35fd26472b0f6a78ce98b39fc5d7a8,ast_parse_pass,inventory_and_automated_check_only
scripts/verify_p2a_per_user_voucher.py,python,5558,134,b7fd923d5ec69b3fb74c34adc08ec34bd3a411023576e20f37f7db5948e693ee,ast_parse_pass,inventory_and_automated_check_only
scripts/verify_roadmap_docs.py,python,7939,216,8b9c134c3e84bf5fbdcacc99d4478db1ba3ec2f695c0983dee34338459154ef3,ast_parse_pass,inventory_and_automated_check_only
scripts/verify_schema.py,python,5270,133,ea44ce7b7a18b85fa7bc6f600f993b0338c8ad39c6a3620f13c71abe6732f17f,ast_parse_pass,inventory_and_automated_check_only
scripts/verify_state_machine.py,python,9391,205,f5f016a5278b5e9fa2c2c336eac9bd8f89b17b19a781b84fd92b9379ef0de8b1,ast_parse_pass,inventory_and_automated_check_only
scripts/verify_user_import.py,python,13832,289,84265ad13902b639858d71db316c4cb0f4b73b1c86e5b98f421588e5a36e01e1,ast_parse_pass,inventory_and_automated_check_only
scripts/vps_diag.sh,shell,2059,26,99dcf13a8319b0056dc35dcf4a1ea64bcc1493456a0e87962ead4c3b75841211,text_read_only_bash_unavailable,inventory_and_automated_check_only
test_reports/.gitkeep,text,0,0,e3b0c44298fc1c149afbf4c8996fb92427ae41e4649b934ca495991b7852b855,text_read_only,inventory_and_automated_check_only
test_reports/iteration_1.json,json,6633,128,8f26a8dd192b41598d114aac5dd9a240b320d4ffbe4bd99a9230149b06c6144b,json_parse_pass,inventory_and_automated_check_only
test_reports/iteration_10.json,json,4851,72,098671578f23e0ce544be297324f1ae903b54d630c44124f558c43d1d8d8c519,json_parse_pass,inventory_and_automated_check_only
test_reports/iteration_11.json,json,3735,57,b750327722055468fdfc2f2d218336f23c097ab84d0d4a0a10a47ec3373f26f9,json_parse_pass,inventory_and_automated_check_only
test_reports/iteration_12.json,json,3895,66,69b83b4f43f6a4c6398907ac0bf68b17795d1d39803ac488ad80a98f43407bf5,json_parse_pass,inventory_and_automated_check_only
test_reports/iteration_13.json,json,2029,41,8b9d3f20ad7a1ffb3bd56093cda8cf86d4b460406d9f0e6ad0759bef8df444fd,json_parse_pass,inventory_and_automated_check_only
test_reports/iteration_14.json,json,1586,36,e71e047c15c9b047f68534b53fa762c2a4afdc7dcdaba4a247bd69b5a5f65337,json_parse_pass,inventory_and_automated_check_only
test_reports/iteration_15.json,json,3602,63,832b1a89acfe23085475b5b6c51cbbe1aac69aad89fc7e1a00766daef97fb73d,json_parse_pass,inventory_and_automated_check_only
test_reports/iteration_16.json,json,4206,69,e308acfe5070df7764caf59638a9c0974f9b8d32b1baf5ddcd16d26da9ff91cf,json_parse_pass,inventory_and_automated_check_only
test_reports/iteration_17.json,json,2520,54,13abd25f5e09c705ef3e15f5cccd256a3bb5c4464d1ce4de573b52b95b2348b0,json_parse_pass,inventory_and_automated_check_only
test_reports/iteration_18.json,json,4633,86,43a7c6ff45ab0582c8146ede7f0246a153c38a10af6bb6a43931313d41e00b4f,json_parse_pass,inventory_and_automated_check_only
test_reports/iteration_19.json,json,1779,44,60563db8d4532d0317901f22f0bb19262c923de0c31951f42f03148d24a29b7a,json_parse_pass,inventory_and_automated_check_only
test_reports/iteration_2.json,json,2083,43,adf341c29cefd1f2fd93b230236ea2b925a033901364fe0ed40056db96ef55fd,json_parse_pass,inventory_and_automated_check_only
test_reports/iteration_20.json,json,2121,41,ab01ca049fe4d84d54e51029752a290df9216c76b5498428c6e9e0ebfe900a9a,json_parse_pass,inventory_and_automated_check_only
test_reports/iteration_21.json,json,2671,50,c49d2a4740378dd7a41cbbfb7560b0bb8a0bad8e989e3eaa844b54a893fcb639,json_parse_pass,inventory_and_automated_check_only
test_reports/iteration_22.json,json,3504,63,068c96188ac80d4c36de2662a3c73405ef723387bef701c61059fb1a1ace76b0,json_parse_pass,inventory_and_automated_check_only
test_reports/iteration_23.json,json,6572,124,0859a5095b71119f3465f0b1c533d515ad1afa01e5dcf54f755c1868c83e1501,json_parse_pass,inventory_and_automated_check_only
test_reports/iteration_24.json,json,2438,43,e00145ef4985b91eb5ea8279160a1644b7049685d1c7f0fd98a479a6a54e4c16,json_parse_pass,inventory_and_automated_check_only
test_reports/iteration_25.json,json,4587,88,f29220829c7f34aae32249086ece82c5214229e9dac7501b9753a83dd0d9cf57,json_parse_pass,inventory_and_automated_check_only
test_reports/iteration_26.json,json,3848,59,b6ea64d785bfa451c34f4f9d1251a44c7c7ba7d90fcbc28c2863467a256c13ab,json_parse_pass,inventory_and_automated_check_only
test_reports/iteration_27.json,json,4873,81,75124a4f3937841e3fcf08f84371f9a2ced746c12c4d07b4b18b1a78ae060858,json_parse_pass,inventory_and_automated_check_only
test_reports/iteration_28.json,json,2852,53,2550915204dc966e73b30c2919ecaa37a57afe61a5cd0fe63550319797a00308,json_parse_pass,inventory_and_automated_check_only
test_reports/iteration_29.json,json,5869,90,6dd44c0e8fb644e94fb67e35694c45bd045555950d9d74985a0336bd10f74740,json_parse_pass,inventory_and_automated_check_only
test_reports/iteration_3.json,json,4996,86,0aa1d2ff9d3d12105a67bfa80372d199cd36f13cb00679c0581dedffea472c48,json_parse_pass,inventory_and_automated_check_only
test_reports/iteration_30.json,json,9239,110,02d03812c25f0571d2201657c5be2e2ec7cc3c8ebd1c15c7f4a743aff9adbb7e,json_parse_pass,inventory_and_automated_check_only
test_reports/iteration_31.json,json,4608,81,f025d6e8d239273a1f6140e475d37a389ce731bf4eeb0633cb2fa05e6c037a88,json_parse_fail,inventory_and_automated_check_only
test_reports/iteration_32.json,json,3387,57,86426b01573b75f3169394f89f8ffb45ec5b4210b9bd955c7d9adbcda924a5bc,json_parse_pass,inventory_and_automated_check_only
test_reports/iteration_33.json,json,7157,89,b6d24756108149fffd8e40ba01b0e610c99a7217839053488a01b99fe5e51299,json_parse_pass,inventory_and_automated_check_only
test_reports/iteration_34.json,json,4048,47,b8fce96a309604153c164399843f5a12912c0d18dba0ad41e30dba96fb3206e8,json_parse_pass,inventory_and_automated_check_only
test_reports/iteration_35.json,json,4235,76,d9c2fcab00b0bef62611639b85e5fa3980122f3b441f817124c69829b2e63116,json_parse_pass,inventory_and_automated_check_only
test_reports/iteration_36.json,json,3460,57,1364bd5e61b40b5f67dd030af4a17d249547c5d2df85c3afeeeb423d690ee1b6,json_parse_pass,inventory_and_automated_check_only
test_reports/iteration_37.json,json,5353,69,885956637e907beae98836443394091f9b4b07dc78de768a0362a7aeef8bf8c2,json_parse_pass,inventory_and_automated_check_only
test_reports/iteration_38.json,json,3925,57,55efcea1105f46fdcb1e1a237c742339e096aaaffaf64c026c829f807ecef527,json_parse_pass,inventory_and_automated_check_only
test_reports/iteration_39.json,json,5109,86,42e907648a9ae92d7f5b8bffe7b999036bf29f6906483f9dec421e5e56e3cb08,json_parse_pass,inventory_and_automated_check_only
test_reports/iteration_4.json,json,5655,79,96b938866584cf74da8bb6da49b862c952d7bf5ea96d3698a3a655ba1d572cd8,json_parse_pass,inventory_and_automated_check_only
test_reports/iteration_40.json,json,3124,62,de259ba008a0296a65a55b025061bec215e77a795e16d91dc18a8564268d3030,json_parse_pass,inventory_and_automated_check_only
test_reports/iteration_41.json,json,5009,90,156488055fdca64fa18deacd0b29e6d8365c86b077855c96349bd17f180bd90b,json_parse_pass,inventory_and_automated_check_only
test_reports/iteration_42.json,json,6335,71,0a92c2c62bd73c8c4f64af500d7f172f919397dc9fd36423dea7ce22ed573960,json_parse_pass,inventory_and_automated_check_only
test_reports/iteration_43.json,json,2541,28,05e09060f5fde6d9cfdd106b7125189e13a5888d75b17ebf4ea8377e785e2b0a,json_parse_pass,inventory_and_automated_check_only
test_reports/iteration_44.json,json,3864,33,4bde2d8d396dac7f0f6108e7764a51ec37211d1a0b680a69937595159b254239,json_parse_pass,inventory_and_automated_check_only
test_reports/iteration_45.json,json,4608,30,6b409d09c016938495054cbf1f4a0e9be6ec79d18e840bc301ded0e90d5f492d,json_parse_pass,inventory_and_automated_check_only
test_reports/iteration_46.json,json,7850,38,65a4f68a1d8b1ee5c0a9b6ebe612cfc14745a9ec706fabe6411dcbb59256807a,json_parse_pass,inventory_and_automated_check_only
test_reports/iteration_47.json,json,5003,39,54b0a5a58724d74c494a8725240b74889f420f1baf0ed5ac0b9dbbecacc871e9,json_parse_pass,inventory_and_automated_check_only
test_reports/iteration_48.json,json,6117,33,0bd9e6d39055bb8ba255e36a7b25f933ee78de059a73f8c046b189260077f2d2,json_parse_pass,inventory_and_automated_check_only
test_reports/iteration_5.json,json,1813,41,0f5d46f970097926344dabcd60fdc9945a5b42374f155d01a30876f7a3d8bd32,json_parse_pass,inventory_and_automated_check_only
test_reports/iteration_6.json,json,3102,47,21f20dbb547446c9018eb8f22bd5ce7254cf59d28b511ebe2c83a1b02655bea4,json_parse_pass,inventory_and_automated_check_only
test_reports/iteration_7.json,json,5255,91,51b7f45c065668bab4d4a03b6699188a9ed78046d6b0ca08e8548ab4e2d3e309,json_parse_pass,inventory_and_automated_check_only
test_reports/iteration_8.json,json,3334,58,68f11af58a852f8358e42792dac97a6588aca3a0977fdf6d2b20c73554e3a66c,json_parse_pass,inventory_and_automated_check_only
test_reports/iteration_9.json,json,4883,106,085d71b8598be35e4170f2b3ca8753e20b54f8d00b4c31f2d4467d7db5d71007,json_parse_pass,inventory_and_automated_check_only
test_reports/pytest/.gitkeep,text,0,0,e3b0c44298fc1c149afbf4c8996fb92427ae41e4649b934ca495991b7852b855,text_read_only,inventory_and_automated_check_only
test_reports/pytest/cms_results.xml,text,819,1,f7b0ec3b2bba8166c2809738ad58258a44c84d274970c252678283ca9301ce61,text_read_only,inventory_and_automated_check_only
test_reports/pytest/e15_results.xml,text,1844,1,ddfe0b9092e6aec4a0f7d80ee1ad8689364004335f087aba1cbb2e1f460c3369,text_read_only,inventory_and_automated_check_only
test_reports/pytest/e16_full_results.xml,text,5296,1,5c0f4a908b14d4dc860611b3d05d297be20c64f6c67453902aacc0dc5982fce3,text_read_only,inventory_and_automated_check_only
test_reports/pytest/e16_results.xml,text,2314,3,fa6fcb7b28c471bfcfa829e7ba9a7931f389ad0cf2412c7ead92d3a65b94bdf8,text_read_only,inventory_and_automated_check_only
test_reports/pytest/pytest_results.xml,text,4549,19,43b9bc84371a14c30b63615d81476f8d466b5f03f793817448fa57797d56c78f,text_read_only,inventory_and_automated_check_only
test_reports/pytest/sales_flow.xml,text,1588,1,75fd057107e796406dc6d0b07d9d300be94b6cff64a78b88f9e4d3694e2fc65d,text_read_only,inventory_and_automated_check_only
test_result.md,text,54572,814,633619b0027c2d860e30cd5a4e07879f02df34e8fd89d94573f0721e32373e55,text_read_only,inventory_and_automated_check_only
tests/__init__.py,python,0,0,e3b0c44298fc1c149afbf4c8996fb92427ae41e4649b934ca495991b7852b855,ast_parse_pass,inventory_and_automated_check_only
tests/agent_snapshots/README.md,text,817,13,23ca4326425bd7ecad08f0fb40bd2a21edbc1ced45827d16aa5200a1786ac13d,text_read_only,inventory_and_automated_check_only
tests/agent_snapshots/backend_test.py,python,173858,3898,58b5899d0bf9b16cca854e8057c919a48f75cb54b843d03ee35e4cc0ea42e3a8,ast_parse_pass,inventory_and_automated_check_only
tests/agent_snapshots/backend_test.py.backup,text,52250,1249,96c9c645374481bc1a22daef5da3086e780094af4e33790456f996aa93e6ee92,text_read_only,inventory_and_automated_check_only
tests/agent_snapshots/backend_test_critical_path.py,python,25287,564,99175b04f07f503b57e76b57752a0a88f7695c05d197117b39ee9d06f9f3e29c,ast_parse_pass,inventory_and_automated_check_only
tests/agent_snapshots/backend_test_e11_e12.py,python,33794,750,2009c6a6fe02d65cec3e0c2cd9bfa8118d812d97e40fb30d03a6cf1443a07e24,ast_parse_pass,inventory_and_automated_check_only
tests/agent_snapshots/backend_test_e12.py,python,26347,615,e9b12be95b493111ff5a75a3ed54f90da798b80ae99cb35d173c0ad57f336c3b,ast_parse_pass,inventory_and_automated_check_only
tests/backup_samples/backup_uji.json,json,11737,413,6201a9aeb78527d16c58abb41a90f310cbecdcffe4c456a3592a418109479d79,json_parse_pass,inventory_and_automated_check_only
tests/import_samples/qa_tier_small.csv,text,1895,7,7cc49803af4c5e553a81ab17f4cabe414654313df7e2e25fb9fd999afa389def,text_read_only,inventory_and_automated_check_only
tests/import_samples/sample_2d.csv,text,297,3,1a3fa9803dbb1d4695264824600480c2017236d9a8df419538835c31c02d06ff,text_read_only,inventory_and_automated_check_only
tests/import_samples/sample_3d.csv,text,488,5,c4d2b37ce94eeb1f11569609f6d34241cdafd9831eb8233071e3e07fddcbe060,text_read_only,inventory_and_automated_check_only
tests/import_samples/sample_4d.csv,text,419,4,b5c7e56835d8fcfac5d1e451f17088cb377f30f469947c531ce03570bf82af69,text_read_only,inventory_and_automated_check_only
tests/import_samples/sample_legacy.csv,text,163,3,233faa452de1045af0a0639bed07c99680e581a663905a53e23a8d2aa717f7ef,text_read_only,inventory_and_automated_check_only
tests/import_samples/sample_template.xlsx,binary_asset,6963,,7657aa09bc314c51c7d318c6463e2a73cdfb5b2fe542dec381b4d22fcb7556e7,presence_and_hash,inventory_and_automated_check_only
tests/user_uploads/IMPOR_PRODUK_COLLECTOR_PARFUM_1.xlsx,binary_asset,794156,,f0187a3dfd16fd690ccbfee0be3529553c1e55703933b5fa0a1cc829978578cc,presence_and_hash,data_checked
tests/user_uploads/testimport.xlsx,binary_asset,878212,,e896008e94d6d553dd16907d157930cd0033d8a86f3576dc1745a18c7dea932f,presence_and_hash,inventory_and_automated_check_only
