tier,ukuran,tipe,harga,harga_coret,stok
CP01,35ml,Basic,,,
CP01,35ml,Refine,,,
CP01,35ml,Intense,,,
CP01,60ml,Basic,,,
CP01,60ml,Refine,,,
CP01,60ml,Intense,,,
CP01,100ml,Basic,,,
CP01,100ml,Refine,,,
CP01,100ml,Intense,,,
CP02,35ml,Basic,,,
CP02,35ml,Refine,,,
CP02,35ml,Intense,,,
CP02,60ml,Basic,,,
CP02,60ml,Refine,,,
CP02,60ml,Intense,,,
CP02,100ml,Basic,,,
CP02,100ml,Refine,,,
CP02,100ml,Intense,,,
CP03,35ml,Basic,,,
CP03,35ml,Refine,,,
CP03,35ml,Intense,,,
CP03,60ml,Basic,,,
CP03,60ml,Refine,,,
CP03,60ml,Intense,,,
CP03,100ml,Basic,,,
CP03,100ml,Refine,,,
CP03,100ml,Intense,,,
EXCLUSIVE,35ml,Basic,,,
EXCLUSIVE,35ml,Refine,,,
EXCLUSIVE,35ml,Intense,,,
EXCLUSIVE,60ml,Basic,,,
EXCLUSIVE,60ml,Refine,,,
EXCLUSIVE,60ml,Intense,,,
EXCLUSIVE,100ml,Basic,,,
EXCLUSIVE,100ml,Refine,,,
EXCLUSIVE,100ml,Intense,,,
